2026-07-30 11:21:32 INFO SQL [hierarchy]: SELECT DISTINCT department, line_id + ' - ' + line_name AS line_id, subline_id + ' - ' + subline_name AS subline_id FROM [DWH].[dim].[workplace] WHERE department IS NOT NULL AND plant = 'UjaP'
2026-07-30 11:21:32 INFO SQL [hierarchy]: 1 row(s) returned
2026-07-30 11:21:32 INFO SQL [workplace_mapping]: SELECT DISTINCT workplace_id, line_id + ' - ' + line_name AS line_id, subline_id + ' - ' + subline_name AS subline_id FROM [DWH].[dim].[workplace] WHERE department IS NOT NULL AND plant = 'UjaP'
2026-07-30 11:21:32 INFO SQL [workplace_mapping]: 21 row(s) returned
2026-07-30 11:21:35 INFO ########## LOADING DATA ###################
2026-07-30 11:21:35 INFO Selection: {'date': datetime.date(2026, 7, 30), 'date_str_de': '30.07.2026', 'shift': 'Morning shift', 'shift_id': 'early_shift', 'department': 'OMA', 'line': 'CVJ - CVJ', 'subline': 'CVJ - CVJ', 'workplaces': ['40302009', '40302010', '40302011', '40302012', '40302013', '40302014', '40302015', '40302016', '40302017', '40302018', '40302019', '40302020', '40302021', '40302022', '40302023', '40302024', '40302025', '40302026', '40302027', '40302028', '40302029'], 'workplaces_list': "'40302009','40302010','40302011','40302012','40302013','40302014','40302015','40302016','40302017','40302018','40302019','40302020','40302021','40302022','40302023','40302024','40302025','40302026','40302027','40302028','40302029'"}
2026-07-30 11:21:35 INFO Quantities: Collecting Machine Quantities
2026-07-30 11:21:35 INFO Quantities: Loading Machine Quantities from Forcam API
2026-07-30 11:21:35 INFO SQL [forcam_uuid_map]: SELECT DISTINCT workplace_ifa_id, workplace_forcam_uuid FROM [DWH].[dim].[forcam_hierarchy]
2026-07-30 11:21:35 INFO SQL [forcam_uuid_map]: 698 row(s) returned
2026-07-30 11:21:35 INFO API [Forcam-Token]: GET https://force:25443/ffauth/oauth2.0/accessToken?client_id=IT_TEST&client_secret=***&grant_type=client_credentials&scope=read
2026-07-30 11:21:35 INFO API [Quantities]: GET https://force:24443/ffwebservices/customized/v3/ifareports/ssp/?limit=100&formatted=true&timeZoneId=Europe/Warsaw&workplace=12ACD3C91940413EB7D9B4DEDCB412F7&workplace=E6DEB6D0405A49F8999FAED015345E99&workplace=B411223989524E809C4A94FD4790C04A&workplace=766335376CD246449E68D72CA699B349&workplace=02536054C1D94BD18B8EC6DB228F0FF5&workplace=25660671B39D4DE694CFB23123719BDC&workplace=C9791AD2B068474692D24A9FE6861A16&workplace=920371B9911747E089DDA0BA8BBB6CAC&workplace=96D9199D6F45471E8E02A7748E89DC47&workplace=4A536BC95A674FED80E261AB12DC0429&workplace=D283CF5FB972427281915314E2BE73FC&workplace=88B6A40066FA4D27B437167F9BD5A993&workplace=84E6ADFD1719451F995AA16B49CE457A&workplace=8EE688E292B94942AAAF5C79D5E2292A&workplace=D83CEB88A89D4F3D8C94C8EE1B7B6FD2&workplace=08C31AB71725448EAF3A03EB3C02894B&workplace=3808C7030BD141FCA7FF90D29990C513&workplace=B5446A24D05F4704B0A615FEE0EEA5C0&workplace=038D6A3F9EA94C3CAEF3BEBBDF1E91A0&workplace=DDF63585ED4149D4A047EB0F61A1CDDC&workplace=A886E06062CF402DA13777991EC0DA30&timeTimeType=HOUR&timeIncludeCurrent=true&timeStartDate=2026-07-30T06:00:00&timeEndDate=2026-07-30T14:00:00
2026-07-30 11:21:37 INFO API [Quantities]: response total=4
2026-07-30 11:21:37 INFO Quantities: Amount of Events: 4
2026-07-30 11:21:37 INFO Quantities: Saving Data in style: update
2026-07-30 11:21:37 INFO SQL [ssp_webapp_quantities(columns)]: SELECT COLUMN_NAME FROM INFORMATION_SCHEMA.COLUMNS WHERE TABLE_NAME = 'ssp_webapp_quantities'
2026-07-30 11:21:37 INFO SQL [ssp_webapp_quantities(columns)]: 17 row(s) returned
2026-07-30 11:21:38 INFO WRITE [ssp_webapp_quantities]: updated, 21 row(s) processed
2026-07-30 11:21:38 INFO SQL [ssp_webapp_quantities(select)]: SELECT * FROM [DWH].[utility].[ssp_webapp_quantities] WHERE date_id = '2026-07-30' AND shift_id = 'early_shift' AND workplace_id IN ('40302009','40302010','40302011','40302012','40302013','40302014','40302015','40302016','40302017','40302018','40302019','40302020','40302021','40302022','40302023','40302024','40302025','40302026','40302027','40302028','40302029')
2026-07-30 11:21:38 INFO SQL [ssp_webapp_quantities(select)]: 21 row(s) returned
2026-07-30 11:21:38 INFO SQL [wpl_info]: SELECT workplace_id, process, machine_name, output_relevant, line_name FROM [DWH].[dim].[workplace] WHERE plant = 'UjaP' AND (process != 'mes-logout' OR process IS NULL) AND line_name NOT IN ('')
2026-07-30 11:21:38 INFO SQL [wpl_info]: 21 row(s) returned
2026-07-30 11:21:38 INFO Disturbance: Collecting Machine Disturbance Data
2026-07-30 11:21:38 INFO Disturbance: Loading Machine Disturbance Data from Forcam API
2026-07-30 11:21:38 INFO API [Forcam-Token]: GET https://force:25443/ffauth/oauth2.0/accessToken?client_id=IT_TEST&client_secret=***&grant_type=client_credentials&scope=read
2026-07-30 11:21:38 INFO API [Disturbance]: GET https://force:24443/ffwebservices/customized/v3/ifareports/operating_state_log/?limit=100&formatted=true&timeZoneId=Europe/Warsaw&workplace=12ACD3C91940413EB7D9B4DEDCB412F7&workplace=E6DEB6D0405A49F8999FAED015345E99&workplace=B411223989524E809C4A94FD4790C04A&workplace=766335376CD246449E68D72CA699B349&workplace=02536054C1D94BD18B8EC6DB228F0FF5&workplace=25660671B39D4DE694CFB23123719BDC&workplace=C9791AD2B068474692D24A9FE6861A16&workplace=920371B9911747E089DDA0BA8BBB6CAC&workplace=96D9199D6F45471E8E02A7748E89DC47&workplace=4A536BC95A674FED80E261AB12DC0429&workplace=D283CF5FB972427281915314E2BE73FC&workplace=88B6A40066FA4D27B437167F9BD5A993&workplace=84E6ADFD1719451F995AA16B49CE457A&workplace=8EE688E292B94942AAAF5C79D5E2292A&workplace=D83CEB88A89D4F3D8C94C8EE1B7B6FD2&workplace=08C31AB71725448EAF3A03EB3C02894B&workplace=3808C7030BD141FCA7FF90D29990C513&workplace=B5446A24D05F4704B0A615FEE0EEA5C0&workplace=038D6A3F9EA94C3CAEF3BEBBDF1E91A0&workplace=DDF63585ED4149D4A047EB0F61A1CDDC&workplace=A886E06062CF402DA13777991EC0DA30&timeType=HOUR&includeCurrent=true&startDate=2026-07-30T06:00:00&endDate=2026-07-30T14:00:00&operationOperatingStatus=8098005&operationOperatingStatus=8098004&operationOperatingStatus=8098007&operationOperatingStatus=8098006&operationOperatingStatus=8098008&operationOperatingStatus=8098023&operationOperatingStatus=179357&operationOperatingStatus=766925901&operationOperatingStatus=8098012&operationOperatingStatus=164353801&operationOperatingStatus=8098011&operationOperatingStatus=179366&operationOperatingStatus=8098013&operationOperatingStatus=8098010&operationOperatingStatus=8098015&operationOperatingStatus=8098014&operationOperatingStatus=8098016&operationOperatingStatus=8098009&operationOperatingStatus=766925902&operationOperatingStatus=164353802&operationOperatingStatus=766925904&operationOperatingStatus=766925903&operationOperatingStatus=8098018&operationOperatingStatus=8098026&operationOperatingStatus=8098019&operationOperatingStatus=8098021&operationOperatingStatus=8098020
2026-07-30 11:21:42 INFO API [Disturbance]: response total=13
2026-07-30 11:21:42 INFO Disturbance: Amount of Events: 13
2026-07-30 11:21:42 INFO SQL [operating_state_codes]: SELECT DISTINCT code, title_en AS title, color FROM [DWH].[dim].[forcam_operating_state_codes_polska]
2026-07-30 11:21:42 INFO SQL [operating_state_codes]: 54 row(s) returned
2026-07-30 11:21:42 INFO Disturbance: Saving Data in style: update
2026-07-30 11:21:42 INFO SQL [ssp_webapp_disturbances(columns)]: SELECT COLUMN_NAME FROM INFORMATION_SCHEMA.COLUMNS WHERE TABLE_NAME = 'ssp_webapp_disturbances'
2026-07-30 11:21:42 INFO SQL [ssp_webapp_disturbances(columns)]: 15 row(s) returned
2026-07-30 11:21:42 INFO WRITE [ssp_webapp_disturbances]: updated, 1 row(s) processed
2026-07-30 11:21:42 INFO SQL [ssp_webapp_disturbances(select)]: SELECT * FROM [utility].[ssp_webapp_disturbances] WHERE date_id = '2026-07-30' AND shift_id = 'early_shift' AND workplace_id IN ('40302009','40302010','40302011','40302012','40302013','40302014','40302015','40302016','40302017','40302018','40302019','40302020','40302021','40302022','40302023','40302024','40302025','40302026','40302027','40302028','40302029')
2026-07-30 11:21:42 INFO SQL [ssp_webapp_disturbances(select)]: 1 row(s) returned
2026-07-30 11:21:42 INFO General Data: Collecting General Data
2026-07-30 11:21:42 INFO SQL [ssp_webapp_input(select)]: SELECT * FROM [DWH].[utility].[ssp_webapp_input] WHERE date_id = '2026-07-30' AND shift_id = 'early_shift' AND line_id = 'CVJ - CVJ'
2026-07-30 11:21:42 INFO SQL [ssp_webapp_input(select)]: 1 row(s) returned
2026-07-30 11:21:42 INFO General Data: Found existing records for the Selection
2026-07-30 11:21:42 INFO General Data: Loading employee Data
2026-07-30 11:21:42 INFO General Data: Loading Output Data
2026-07-30 11:21:42 INFO General Data: Saving General Data
2026-07-30 11:21:42 INFO WRITE [ssp_webapp_input]: row updated
2026-07-30 11:21:42 INFO SQL [ssp_webapp_input(reselect)]: SELECT * FROM [DWH].[utility].[ssp_webapp_input] WHERE date_id = '2026-07-30' AND shift_id = 'early_shift' AND line_id = 'CVJ - CVJ'
2026-07-30 11:21:42 INFO SQL [ssp_webapp_input(reselect)]: 1 row(s) returned
2026-07-30 11:23:18 INFO ########## LOADING DATA ###################
2026-07-30 11:23:18 INFO Selection: {'date': datetime.date(2026, 7, 29), 'date_str_de': '29.07.2026', 'shift': 'Morning shift', 'shift_id': 'early_shift', 'department': 'OMA', 'line': 'CVJ - CVJ', 'subline': 'CVJ - CVJ', 'workplaces': ['40302009', '40302010', '40302011', '40302012', '40302013', '40302014', '40302015', '40302016', '40302017', '40302018', '40302019', '40302020', '40302021', '40302022', '40302023', '40302024', '40302025', '40302026', '40302027', '40302028', '40302029'], 'workplaces_list': "'40302009','40302010','40302011','40302012','40302013','40302014','40302015','40302016','40302017','40302018','40302019','40302020','40302021','40302022','40302023','40302024','40302025','40302026','40302027','40302028','40302029'"}
2026-07-30 11:23:18 INFO Quantities: Collecting Machine Quantities
2026-07-30 11:23:18 INFO Quantities: Loading Machine Quantities from Forcam API
2026-07-30 11:23:18 INFO API [Forcam-Token]: GET https://force:25443/ffauth/oauth2.0/accessToken?client_id=IT_TEST&client_secret=***&grant_type=client_credentials&scope=read
2026-07-30 11:23:18 INFO API [Quantities]: GET https://force:24443/ffwebservices/customized/v3/ifareports/ssp/?limit=100&formatted=true&timeZoneId=Europe/Warsaw&workplace=12ACD3C91940413EB7D9B4DEDCB412F7&workplace=E6DEB6D0405A49F8999FAED015345E99&workplace=B411223989524E809C4A94FD4790C04A&workplace=766335376CD246449E68D72CA699B349&workplace=02536054C1D94BD18B8EC6DB228F0FF5&workplace=25660671B39D4DE694CFB23123719BDC&workplace=C9791AD2B068474692D24A9FE6861A16&workplace=920371B9911747E089DDA0BA8BBB6CAC&workplace=96D9199D6F45471E8E02A7748E89DC47&workplace=4A536BC95A674FED80E261AB12DC0429&workplace=D283CF5FB972427281915314E2BE73FC&workplace=88B6A40066FA4D27B437167F9BD5A993&workplace=84E6ADFD1719451F995AA16B49CE457A&workplace=8EE688E292B94942AAAF5C79D5E2292A&workplace=D83CEB88A89D4F3D8C94C8EE1B7B6FD2&workplace=08C31AB71725448EAF3A03EB3C02894B&workplace=3808C7030BD141FCA7FF90D29990C513&workplace=B5446A24D05F4704B0A615FEE0EEA5C0&workplace=038D6A3F9EA94C3CAEF3BEBBDF1E91A0&workplace=DDF63585ED4149D4A047EB0F61A1CDDC&workplace=A886E06062CF402DA13777991EC0DA30&timeTimeType=HOUR&timeIncludeCurrent=true&timeStartDate=2026-07-29T06:00:00&timeEndDate=2026-07-29T14:00:00
2026-07-30 11:23:20 INFO API [Quantities]: response total=9
2026-07-30 11:23:20 INFO Quantities: Amount of Events: 9
2026-07-30 11:23:20 INFO Quantities: Saving Data in style: update
2026-07-30 11:23:20 INFO SQL [ssp_webapp_quantities(columns)]: SELECT COLUMN_NAME FROM INFORMATION_SCHEMA.COLUMNS WHERE TABLE_NAME = 'ssp_webapp_quantities'
2026-07-30 11:23:20 INFO SQL [ssp_webapp_quantities(columns)]: 17 row(s) returned
2026-07-30 11:23:20 INFO WRITE [ssp_webapp_quantities]: no matching row for workplace_id=40302015, inserting new one
2026-07-30 11:23:20 INFO WRITE [ssp_webapp_quantities]: no matching row for workplace_id=40302016, inserting new one
2026-07-30 11:23:20 INFO WRITE [ssp_webapp_quantities]: no matching row for workplace_id=40302018, inserting new one
2026-07-30 11:23:20 INFO WRITE [ssp_webapp_quantities]: no matching row for workplace_id=40302019, inserting new one
2026-07-30 11:23:20 INFO WRITE [ssp_webapp_quantities]: no matching row for workplace_id=40302021, inserting new one
2026-07-30 11:23:20 INFO WRITE [ssp_webapp_quantities]: no matching row for workplace_id=40302022, inserting new one
2026-07-30 11:23:20 INFO WRITE [ssp_webapp_quantities]: no matching row for workplace_id=40302023, inserting new one
2026-07-30 11:23:20 INFO WRITE [ssp_webapp_quantities]: no matching row for workplace_id=40302024, inserting new one
2026-07-30 11:23:20 INFO WRITE [ssp_webapp_quantities]: no matching row for workplace_id=40302025, inserting new one
2026-07-30 11:23:20 INFO WRITE [ssp_webapp_quantities]: no matching row for workplace_id=40302026, inserting new one
2026-07-30 11:23:20 INFO WRITE [ssp_webapp_quantities]: no matching row for workplace_id=40302027, inserting new one
2026-07-30 11:23:20 INFO WRITE [ssp_webapp_quantities]: no matching row for workplace_id=40302028, inserting new one
2026-07-30 11:23:20 INFO WRITE [ssp_webapp_quantities]: no matching row for workplace_id=40302029, inserting new one
2026-07-30 11:23:20 INFO WRITE [ssp_webapp_quantities]: no matching row for workplace_id=40302009, inserting new one
2026-07-30 11:23:21 INFO WRITE [ssp_webapp_quantities]: no matching row for workplace_id=40302010, inserting new one
2026-07-30 11:23:21 INFO WRITE [ssp_webapp_quantities]: no matching row for workplace_id=40302011, inserting new one
2026-07-30 11:23:21 INFO WRITE [ssp_webapp_quantities]: no matching row for workplace_id=40302012, inserting new one
2026-07-30 11:23:21 INFO WRITE [ssp_webapp_quantities]: no matching row for workplace_id=40302013, inserting new one
2026-07-30 11:23:21 INFO WRITE [ssp_webapp_quantities]: no matching row for workplace_id=40302014, inserting new one
2026-07-30 11:23:21 INFO WRITE [ssp_webapp_quantities]: no matching row for workplace_id=40302017, inserting new one
2026-07-30 11:23:21 INFO WRITE [ssp_webapp_quantities]: no matching row for workplace_id=40302020, inserting new one
2026-07-30 11:23:21 INFO WRITE [ssp_webapp_quantities]: updated, 21 row(s) processed
2026-07-30 11:23:21 INFO SQL [ssp_webapp_quantities(select)]: SELECT * FROM [DWH].[utility].[ssp_webapp_quantities] WHERE date_id = '2026-07-29' AND shift_id = 'early_shift' AND workplace_id IN ('40302009','40302010','40302011','40302012','40302013','40302014','40302015','40302016','40302017','40302018','40302019','40302020','40302021','40302022','40302023','40302024','40302025','40302026','40302027','40302028','40302029')
2026-07-30 11:23:21 INFO SQL [ssp_webapp_quantities(select)]: 21 row(s) returned
2026-07-30 11:23:21 INFO Disturbance: Collecting Machine Disturbance Data
2026-07-30 11:23:21 INFO Disturbance: Loading Machine Disturbance Data from Forcam API
2026-07-30 11:23:21 INFO API [Forcam-Token]: GET https://force:25443/ffauth/oauth2.0/accessToken?client_id=IT_TEST&client_secret=***&grant_type=client_credentials&scope=read
2026-07-30 11:23:21 INFO API [Disturbance]: GET https://force:24443/ffwebservices/customized/v3/ifareports/operating_state_log/?limit=100&formatted=true&timeZoneId=Europe/Warsaw&workplace=12ACD3C91940413EB7D9B4DEDCB412F7&workplace=E6DEB6D0405A49F8999FAED015345E99&workplace=B411223989524E809C4A94FD4790C04A&workplace=766335376CD246449E68D72CA699B349&workplace=02536054C1D94BD18B8EC6DB228F0FF5&workplace=25660671B39D4DE694CFB23123719BDC&workplace=C9791AD2B068474692D24A9FE6861A16&workplace=920371B9911747E089DDA0BA8BBB6CAC&workplace=96D9199D6F45471E8E02A7748E89DC47&workplace=4A536BC95A674FED80E261AB12DC0429&workplace=D283CF5FB972427281915314E2BE73FC&workplace=88B6A40066FA4D27B437167F9BD5A993&workplace=84E6ADFD1719451F995AA16B49CE457A&workplace=8EE688E292B94942AAAF5C79D5E2292A&workplace=D83CEB88A89D4F3D8C94C8EE1B7B6FD2&workplace=08C31AB71725448EAF3A03EB3C02894B&workplace=3808C7030BD141FCA7FF90D29990C513&workplace=B5446A24D05F4704B0A615FEE0EEA5C0&workplace=038D6A3F9EA94C3CAEF3BEBBDF1E91A0&workplace=DDF63585ED4149D4A047EB0F61A1CDDC&workplace=A886E06062CF402DA13777991EC0DA30&timeType=HOUR&includeCurrent=true&startDate=2026-07-29T06:00:00&endDate=2026-07-29T14:00:00&operationOperatingStatus=8098005&operationOperatingStatus=8098004&operationOperatingStatus=8098007&operationOperatingStatus=8098006&operationOperatingStatus=8098008&operationOperatingStatus=8098023&operationOperatingStatus=179357&operationOperatingStatus=766925901&operationOperatingStatus=8098012&operationOperatingStatus=164353801&operationOperatingStatus=8098011&operationOperatingStatus=179366&operationOperatingStatus=8098013&operationOperatingStatus=8098010&operationOperatingStatus=8098015&operationOperatingStatus=8098014&operationOperatingStatus=8098016&operationOperatingStatus=8098009&operationOperatingStatus=766925902&operationOperatingStatus=164353802&operationOperatingStatus=766925904&operationOperatingStatus=766925903&operationOperatingStatus=8098018&operationOperatingStatus=8098026&operationOperatingStatus=8098019&operationOperatingStatus=8098021&operationOperatingStatus=8098020
2026-07-30 11:23:26 INFO API [Disturbance]: response total=29
2026-07-30 11:23:26 INFO Disturbance: Amount of Events: 29
2026-07-30 11:23:26 INFO Disturbance: Saving Data in style: update
2026-07-30 11:23:26 INFO SQL [ssp_webapp_disturbances(columns)]: SELECT COLUMN_NAME FROM INFORMATION_SCHEMA.COLUMNS WHERE TABLE_NAME = 'ssp_webapp_disturbances'
2026-07-30 11:23:26 INFO SQL [ssp_webapp_disturbances(columns)]: 15 row(s) returned
2026-07-30 11:23:26 INFO WRITE [ssp_webapp_disturbances]: no matching row for workplace_id=40302010, inserting new one
2026-07-30 11:23:26 INFO WRITE [ssp_webapp_disturbances]: no matching row for workplace_id=40302010, inserting new one
2026-07-30 11:23:26 INFO WRITE [ssp_webapp_disturbances]: no matching row for workplace_id=40302014, inserting new one
2026-07-30 11:23:26 INFO WRITE [ssp_webapp_disturbances]: updated, 3 row(s) processed
2026-07-30 11:23:26 INFO SQL [ssp_webapp_disturbances(select)]: SELECT * FROM [utility].[ssp_webapp_disturbances] WHERE date_id = '2026-07-29' AND shift_id = 'early_shift' AND workplace_id IN ('40302009','40302010','40302011','40302012','40302013','40302014','40302015','40302016','40302017','40302018','40302019','40302020','40302021','40302022','40302023','40302024','40302025','40302026','40302027','40302028','40302029')
2026-07-30 11:23:26 INFO SQL [ssp_webapp_disturbances(select)]: 3 row(s) returned
2026-07-30 11:23:26 INFO General Data: Collecting General Data
2026-07-30 11:23:26 INFO SQL [ssp_webapp_input(select)]: SELECT * FROM [DWH].[utility].[ssp_webapp_input] WHERE date_id = '2026-07-29' AND shift_id = 'early_shift' AND line_id = 'CVJ - CVJ'
2026-07-30 11:23:26 INFO SQL [ssp_webapp_input(select)]: 0 row(s) returned
2026-07-30 11:23:26 INFO General Data: No records found for the Selection
2026-07-30 11:23:26 INFO General Data: Loading employee Data
2026-07-30 11:23:26 INFO General Data: Loading Output Data
2026-07-30 11:23:26 INFO General Data: Saving General Data
2026-07-30 11:23:26 INFO WRITE [ssp_webapp_input]: no matching row, inserting new one
2026-07-30 11:23:26 INFO SQL [ssp_webapp_input(reselect)]: SELECT * FROM [DWH].[utility].[ssp_webapp_input] WHERE date_id = '2026-07-29' AND shift_id = 'early_shift' AND line_id = 'CVJ - CVJ'
2026-07-30 11:23:26 INFO SQL [ssp_webapp_input(reselect)]: 1 row(s) returned
2026-07-30 11:33:48 INFO SQL [hierarchy]: SELECT DISTINCT department, line_id + ' - ' + line_name AS line_id, subline_id + ' - ' + subline_name AS subline_id FROM [DWH].[dim].[workplace] WHERE department IS NOT NULL AND plant = 'UjaP'
2026-07-30 11:33:48 INFO SQL [hierarchy]: 1 row(s) returned
2026-07-30 11:33:48 INFO SQL [workplace_mapping]: SELECT DISTINCT workplace_id, line_id + ' - ' + line_name AS line_id, subline_id + ' - ' + subline_name AS subline_id FROM [DWH].[dim].[workplace] WHERE department IS NOT NULL AND plant = 'UjaP'
2026-07-30 11:33:48 INFO SQL [workplace_mapping]: 21 row(s) returned
2026-07-30 11:33:48 INFO ########## LOADING DATA ###################
2026-07-30 11:33:48 INFO Selection: {'date': datetime.date(2026, 7, 29), 'date_str_de': '29.07.2026', 'shift': 'Morning shift', 'shift_id': 'early_shift', 'department': 'OMA', 'line': 'CVJ - CVJ', 'subline': 'CVJ - CVJ', 'workplaces': ['40302009', '40302010', '40302011', '40302012', '40302013', '40302014', '40302015', '40302016', '40302017', '40302018', '40302019', '40302020', '40302021', '40302022', '40302023', '40302024', '40302025', '40302026', '40302027', '40302028', '40302029'], 'workplaces_list': "'40302009','40302010','40302011','40302012','40302013','40302014','40302015','40302016','40302017','40302018','40302019','40302020','40302021','40302022','40302023','40302024','40302025','40302026','40302027','40302028','40302029'"}
2026-07-30 11:33:48 INFO Quantities: Collecting Machine Quantities
2026-07-30 11:33:48 INFO Quantities: Loading Machine Quantities from Forcam API
2026-07-30 11:33:48 INFO SQL [forcam_uuid_map]: SELECT DISTINCT workplace_ifa_id, workplace_forcam_uuid FROM [DWH].[dim].[forcam_hierarchy]
2026-07-30 11:33:48 INFO SQL [forcam_uuid_map]: 698 row(s) returned
2026-07-30 11:33:48 INFO API [Forcam-Token]: GET https://force:25443/ffauth/oauth2.0/accessToken?client_id=IT_TEST&client_secret=***&grant_type=client_credentials&scope=read
2026-07-30 11:33:48 INFO API [Quantities]: GET https://force:24443/ffwebservices/customized/v3/ifareports/ssp/?limit=100&formatted=true&timeZoneId=Europe/Warsaw&workplace=12ACD3C91940413EB7D9B4DEDCB412F7&workplace=E6DEB6D0405A49F8999FAED015345E99&workplace=B411223989524E809C4A94FD4790C04A&workplace=766335376CD246449E68D72CA699B349&workplace=02536054C1D94BD18B8EC6DB228F0FF5&workplace=25660671B39D4DE694CFB23123719BDC&workplace=C9791AD2B068474692D24A9FE6861A16&workplace=920371B9911747E089DDA0BA8BBB6CAC&workplace=96D9199D6F45471E8E02A7748E89DC47&workplace=4A536BC95A674FED80E261AB12DC0429&workplace=D283CF5FB972427281915314E2BE73FC&workplace=88B6A40066FA4D27B437167F9BD5A993&workplace=84E6ADFD1719451F995AA16B49CE457A&workplace=8EE688E292B94942AAAF5C79D5E2292A&workplace=D83CEB88A89D4F3D8C94C8EE1B7B6FD2&workplace=08C31AB71725448EAF3A03EB3C02894B&workplace=3808C7030BD141FCA7FF90D29990C513&workplace=B5446A24D05F4704B0A615FEE0EEA5C0&workplace=038D6A3F9EA94C3CAEF3BEBBDF1E91A0&workplace=DDF63585ED4149D4A047EB0F61A1CDDC&workplace=A886E06062CF402DA13777991EC0DA30&timeTimeType=HOUR&timeIncludeCurrent=true&timeStartDate=2026-07-29T06:00:00&timeEndDate=2026-07-29T14:00:00
2026-07-30 11:33:51 INFO API [Quantities]: response total=9
2026-07-30 11:33:51 INFO Quantities: Amount of Events: 9
2026-07-30 11:33:51 INFO Quantities: Saving Data in style: update
2026-07-30 11:33:51 INFO SQL [ssp_webapp_quantities(columns)]: SELECT COLUMN_NAME FROM INFORMATION_SCHEMA.COLUMNS WHERE TABLE_NAME = 'ssp_webapp_quantities'
2026-07-30 11:33:51 INFO SQL [ssp_webapp_quantities(columns)]: 17 row(s) returned
2026-07-30 11:33:52 INFO WRITE [ssp_webapp_quantities]: updated, 21 row(s) processed
2026-07-30 11:33:52 INFO SQL [ssp_webapp_quantities(select)]: SELECT * FROM [DWH].[utility].[ssp_webapp_quantities] WHERE date_id = '2026-07-29' AND shift_id = 'early_shift' AND workplace_id IN ('40302009','40302010','40302011','40302012','40302013','40302014','40302015','40302016','40302017','40302018','40302019','40302020','40302021','40302022','40302023','40302024','40302025','40302026','40302027','40302028','40302029')
2026-07-30 11:33:52 INFO SQL [ssp_webapp_quantities(select)]: 21 row(s) returned
2026-07-30 11:33:52 INFO SQL [wpl_info]: SELECT workplace_id, process, machine_name, output_relevant, line_name FROM [DWH].[dim].[workplace] WHERE plant = 'UjaP' AND (process != 'mes-logout' OR process IS NULL) AND line_name NOT IN ('')
2026-07-30 11:33:52 INFO SQL [wpl_info]: 21 row(s) returned
2026-07-30 11:33:52 INFO Disturbance: Collecting Machine Disturbance Data
2026-07-30 11:33:52 INFO Disturbance: Loading Machine Disturbance Data from Forcam API
2026-07-30 11:33:52 INFO API [Forcam-Token]: GET https://force:25443/ffauth/oauth2.0/accessToken?client_id=IT_TEST&client_secret=***&grant_type=client_credentials&scope=read
2026-07-30 11:33:52 INFO API [Disturbance]: GET https://force:24443/ffwebservices/customized/v3/ifareports/operating_state_log/?limit=100&formatted=true&timeZoneId=Europe/Warsaw&workplace=12ACD3C91940413EB7D9B4DEDCB412F7&workplace=E6DEB6D0405A49F8999FAED015345E99&workplace=B411223989524E809C4A94FD4790C04A&workplace=766335376CD246449E68D72CA699B349&workplace=02536054C1D94BD18B8EC6DB228F0FF5&workplace=25660671B39D4DE694CFB23123719BDC&workplace=C9791AD2B068474692D24A9FE6861A16&workplace=920371B9911747E089DDA0BA8BBB6CAC&workplace=96D9199D6F45471E8E02A7748E89DC47&workplace=4A536BC95A674FED80E261AB12DC0429&workplace=D283CF5FB972427281915314E2BE73FC&workplace=88B6A40066FA4D27B437167F9BD5A993&workplace=84E6ADFD1719451F995AA16B49CE457A&workplace=8EE688E292B94942AAAF5C79D5E2292A&workplace=D83CEB88A89D4F3D8C94C8EE1B7B6FD2&workplace=08C31AB71725448EAF3A03EB3C02894B&workplace=3808C7030BD141FCA7FF90D29990C513&workplace=B5446A24D05F4704B0A615FEE0EEA5C0&workplace=038D6A3F9EA94C3CAEF3BEBBDF1E91A0&workplace=DDF63585ED4149D4A047EB0F61A1CDDC&workplace=A886E06062CF402DA13777991EC0DA30&timeType=HOUR&includeCurrent=true&startDate=2026-07-29T06:00:00&endDate=2026-07-29T14:00:00&operationOperatingStatus=8098005&operationOperatingStatus=8098004&operationOperatingStatus=8098007&operationOperatingStatus=8098006&operationOperatingStatus=8098008&operationOperatingStatus=8098023&operationOperatingStatus=179357&operationOperatingStatus=766925901&operationOperatingStatus=8098012&operationOperatingStatus=164353801&operationOperatingStatus=8098011&operationOperatingStatus=179366&operationOperatingStatus=8098013&operationOperatingStatus=8098010&operationOperatingStatus=8098015&operationOperatingStatus=8098014&operationOperatingStatus=8098016&operationOperatingStatus=8098009&operationOperatingStatus=766925902&operationOperatingStatus=164353802&operationOperatingStatus=766925904&operationOperatingStatus=766925903&operationOperatingStatus=8098018&operationOperatingStatus=8098026&operationOperatingStatus=8098019&operationOperatingStatus=8098021&operationOperatingStatus=8098020
2026-07-30 11:34:01 INFO API [Disturbance]: response total=29
2026-07-30 11:34:01 INFO Disturbance: Amount of Events: 29
2026-07-30 11:34:01 INFO SQL [operating_state_codes]: SELECT DISTINCT code, title_en AS title, color FROM [DWH].[dim].[forcam_operating_state_codes_polska]
2026-07-30 11:34:01 INFO SQL [operating_state_codes]: 54 row(s) returned
2026-07-30 11:34:01 INFO Disturbance: Saving Data in style: update
2026-07-30 11:34:01 INFO SQL [ssp_webapp_disturbances(columns)]: SELECT COLUMN_NAME FROM INFORMATION_SCHEMA.COLUMNS WHERE TABLE_NAME = 'ssp_webapp_disturbances'
2026-07-30 11:34:01 INFO SQL [ssp_webapp_disturbances(columns)]: 15 row(s) returned
2026-07-30 11:34:02 INFO WRITE [ssp_webapp_disturbances]: updated, 3 row(s) processed
2026-07-30 11:34:02 INFO SQL [ssp_webapp_disturbances(select)]: SELECT * FROM [utility].[ssp_webapp_disturbances] WHERE date_id = '2026-07-29' AND shift_id = 'early_shift' AND workplace_id IN ('40302009','40302010','40302011','40302012','40302013','40302014','40302015','40302016','40302017','40302018','40302019','40302020','40302021','40302022','40302023','40302024','40302025','40302026','40302027','40302028','40302029')
2026-07-30 11:34:02 INFO SQL [ssp_webapp_disturbances(select)]: 3 row(s) returned
2026-07-30 11:34:02 INFO General Data: Collecting General Data
2026-07-30 11:34:02 INFO SQL [ssp_webapp_input(select)]: SELECT * FROM [DWH].[utility].[ssp_webapp_input] WHERE date_id = '2026-07-29' AND shift_id = 'early_shift' AND line_id = 'CVJ - CVJ'
2026-07-30 11:34:02 INFO SQL [ssp_webapp_input(select)]: 1 row(s) returned
2026-07-30 11:34:02 INFO General Data: Found existing records for the Selection
2026-07-30 11:34:02 INFO General Data: Loading employee Data
2026-07-30 11:34:02 INFO General Data: Loading Output Data
2026-07-30 11:34:02 INFO General Data: Saving General Data
2026-07-30 11:34:02 INFO WRITE [ssp_webapp_input]: row updated
2026-07-30 11:34:02 INFO SQL [ssp_webapp_input(reselect)]: SELECT * FROM [DWH].[utility].[ssp_webapp_input] WHERE date_id = '2026-07-29' AND shift_id = 'early_shift' AND line_id = 'CVJ - CVJ'
2026-07-30 11:34:02 INFO SQL [ssp_webapp_input(reselect)]: 1 row(s) returned
2026-07-30 11:41:53 INFO SQL [hierarchy]: SELECT DISTINCT department, line_id + ' - ' + line_name AS line_id, subline_id + ' - ' + subline_name AS subline_id FROM [DWH].[dim].[workplace] WHERE department IS NOT NULL AND plant = 'UjaP'
2026-07-30 11:41:53 INFO SQL [hierarchy]: 1 row(s) returned
2026-07-30 11:41:53 INFO SQL [workplace_mapping]: SELECT DISTINCT workplace_id, line_id + ' - ' + line_name AS line_id, subline_id + ' - ' + subline_name AS subline_id FROM [DWH].[dim].[workplace] WHERE department IS NOT NULL AND plant = 'UjaP'
2026-07-30 11:41:53 INFO SQL [workplace_mapping]: 21 row(s) returned
2026-07-30 11:42:01 INFO ########## LOADING DATA ###################
2026-07-30 11:42:01 INFO Selection: {'date': datetime.date(2026, 7, 29), 'date_str_de': '29.07.2026', 'shift': 'Morning shift', 'shift_id': 'early_shift', 'department': 'OMA', 'line': 'CVJ - CVJ', 'subline': 'CVJ - CVJ', 'workplaces': ['40302009', '40302010', '40302011', '40302012', '40302013', '40302014', '40302015', '40302016', '40302017', '40302018', '40302019', '40302020', '40302021', '40302022', '40302023', '40302024', '40302025', '40302026', '40302027', '40302028', '40302029'], 'workplaces_list': "'40302009','40302010','40302011','40302012','40302013','40302014','40302015','40302016','40302017','40302018','40302019','40302020','40302021','40302022','40302023','40302024','40302025','40302026','40302027','40302028','40302029'"}
2026-07-30 11:42:01 INFO Quantities: Collecting Machine Quantities
2026-07-30 11:42:01 INFO Quantities: Loading Machine Quantities from Forcam API
2026-07-30 11:42:01 INFO SQL [forcam_uuid_map]: SELECT DISTINCT workplace_ifa_id, workplace_forcam_uuid FROM [DWH].[dim].[forcam_hierarchy]
2026-07-30 11:42:01 INFO SQL [forcam_uuid_map]: 698 row(s) returned
2026-07-30 11:42:01 INFO API [Forcam-Token]: GET https://force:25443/ffauth/oauth2.0/accessToken?client_id=IT_TEST&client_secret=***&grant_type=client_credentials&scope=read
2026-07-30 11:42:01 INFO API [Quantities]: GET https://force:24443/ffwebservices/customized/v3/ifareports/ssp/?limit=100&formatted=true&timeZoneId=Europe/Warsaw&workplace=12ACD3C91940413EB7D9B4DEDCB412F7&workplace=E6DEB6D0405A49F8999FAED015345E99&workplace=B411223989524E809C4A94FD4790C04A&workplace=766335376CD246449E68D72CA699B349&workplace=02536054C1D94BD18B8EC6DB228F0FF5&workplace=25660671B39D4DE694CFB23123719BDC&workplace=C9791AD2B068474692D24A9FE6861A16&workplace=920371B9911747E089DDA0BA8BBB6CAC&workplace=96D9199D6F45471E8E02A7748E89DC47&workplace=4A536BC95A674FED80E261AB12DC0429&workplace=D283CF5FB972427281915314E2BE73FC&workplace=88B6A40066FA4D27B437167F9BD5A993&workplace=84E6ADFD1719451F995AA16B49CE457A&workplace=8EE688E292B94942AAAF5C79D5E2292A&workplace=D83CEB88A89D4F3D8C94C8EE1B7B6FD2&workplace=08C31AB71725448EAF3A03EB3C02894B&workplace=3808C7030BD141FCA7FF90D29990C513&workplace=B5446A24D05F4704B0A615FEE0EEA5C0&workplace=038D6A3F9EA94C3CAEF3BEBBDF1E91A0&workplace=DDF63585ED4149D4A047EB0F61A1CDDC&workplace=A886E06062CF402DA13777991EC0DA30&timeTimeType=HOUR&timeIncludeCurrent=true&timeStartDate=2026-07-29T06:00:00&timeEndDate=2026-07-29T14:00:00
2026-07-30 11:42:03 INFO API [Quantities]: response total=9
2026-07-30 11:42:03 INFO Quantities: Amount of Events: 9
2026-07-30 11:42:03 INFO Quantities: Saving Data in style: update
2026-07-30 11:42:03 INFO SQL [ssp_webapp_quantities(columns)]: SELECT COLUMN_NAME FROM INFORMATION_SCHEMA.COLUMNS WHERE TABLE_NAME = 'ssp_webapp_quantities'
2026-07-30 11:42:03 INFO SQL [ssp_webapp_quantities(columns)]: 17 row(s) returned
2026-07-30 11:42:04 INFO WRITE [ssp_webapp_quantities]: updated, 21 row(s) processed
2026-07-30 11:42:04 INFO SQL [ssp_webapp_quantities(select)]: SELECT * FROM [DWH].[utility].[ssp_webapp_quantities] WHERE date_id = '2026-07-29' AND shift_id = 'early_shift' AND workplace_id IN ('40302009','40302010','40302011','40302012','40302013','40302014','40302015','40302016','40302017','40302018','40302019','40302020','40302021','40302022','40302023','40302024','40302025','40302026','40302027','40302028','40302029')
2026-07-30 11:42:04 INFO SQL [ssp_webapp_quantities(select)]: 21 row(s) returned
2026-07-30 11:42:04 INFO SQL [wpl_info]: SELECT workplace_id, process, machine_name, output_relevant, line_name FROM [DWH].[dim].[workplace] WHERE plant = 'UjaP' AND (process != 'mes-logout' OR process IS NULL) AND line_name NOT IN ('')
2026-07-30 11:42:04 INFO SQL [wpl_info]: 21 row(s) returned
2026-07-30 11:42:04 INFO Disturbance: Collecting Machine Disturbance Data
2026-07-30 11:42:04 INFO Disturbance: Loading Machine Disturbance Data from Forcam API
2026-07-30 11:42:04 INFO API [Forcam-Token]: GET https://force:25443/ffauth/oauth2.0/accessToken?client_id=IT_TEST&client_secret=***&grant_type=client_credentials&scope=read
2026-07-30 11:42:04 INFO API [Disturbance]: GET https://force:24443/ffwebservices/customized/v3/ifareports/operating_state_log/?limit=100&formatted=true&timeZoneId=Europe/Warsaw&workplace=12ACD3C91940413EB7D9B4DEDCB412F7&workplace=E6DEB6D0405A49F8999FAED015345E99&workplace=B411223989524E809C4A94FD4790C04A&workplace=766335376CD246449E68D72CA699B349&workplace=02536054C1D94BD18B8EC6DB228F0FF5&workplace=25660671B39D4DE694CFB23123719BDC&workplace=C9791AD2B068474692D24A9FE6861A16&workplace=920371B9911747E089DDA0BA8BBB6CAC&workplace=96D9199D6F45471E8E02A7748E89DC47&workplace=4A536BC95A674FED80E261AB12DC0429&workplace=D283CF5FB972427281915314E2BE73FC&workplace=88B6A40066FA4D27B437167F9BD5A993&workplace=84E6ADFD1719451F995AA16B49CE457A&workplace=8EE688E292B94942AAAF5C79D5E2292A&workplace=D83CEB88A89D4F3D8C94C8EE1B7B6FD2&workplace=08C31AB71725448EAF3A03EB3C02894B&workplace=3808C7030BD141FCA7FF90D29990C513&workplace=B5446A24D05F4704B0A615FEE0EEA5C0&workplace=038D6A3F9EA94C3CAEF3BEBBDF1E91A0&workplace=DDF63585ED4149D4A047EB0F61A1CDDC&workplace=A886E06062CF402DA13777991EC0DA30&timeType=HOUR&includeCurrent=true&startDate=2026-07-29T06:00:00&endDate=2026-07-29T14:00:00&operationOperatingStatus=8098005&operationOperatingStatus=8098004&operationOperatingStatus=8098007&operationOperatingStatus=8098006&operationOperatingStatus=8098008&operationOperatingStatus=8098023&operationOperatingStatus=179357&operationOperatingStatus=766925901&operationOperatingStatus=8098012&operationOperatingStatus=164353801&operationOperatingStatus=8098011&operationOperatingStatus=179366&operationOperatingStatus=8098013&operationOperatingStatus=8098010&operationOperatingStatus=8098015&operationOperatingStatus=8098014&operationOperatingStatus=8098016&operationOperatingStatus=8098009&operationOperatingStatus=766925902&operationOperatingStatus=164353802&operationOperatingStatus=766925904&operationOperatingStatus=766925903&operationOperatingStatus=8098018&operationOperatingStatus=8098026&operationOperatingStatus=8098019&operationOperatingStatus=8098021&operationOperatingStatus=8098020
2026-07-30 11:42:08 INFO API [Disturbance]: response total=29
2026-07-30 11:42:08 INFO Disturbance: Amount of Events: 29
2026-07-30 11:42:08 INFO SQL [operating_state_codes]: SELECT DISTINCT code, title_en AS title, color FROM [DWH].[dim].[forcam_operating_state_codes_polska]
2026-07-30 11:42:08 INFO SQL [operating_state_codes]: 54 row(s) returned
2026-07-30 11:42:08 INFO Disturbance: Saving Data in style: update
2026-07-30 11:42:08 INFO SQL [ssp_webapp_disturbances(columns)]: SELECT COLUMN_NAME FROM INFORMATION_SCHEMA.COLUMNS WHERE TABLE_NAME = 'ssp_webapp_disturbances'
2026-07-30 11:42:08 INFO SQL [ssp_webapp_disturbances(columns)]: 15 row(s) returned
2026-07-30 11:42:09 INFO WRITE [ssp_webapp_disturbances]: updated, 3 row(s) processed
2026-07-30 11:42:09 INFO SQL [ssp_webapp_disturbances(select)]: SELECT * FROM [utility].[ssp_webapp_disturbances] WHERE date_id = '2026-07-29' AND shift_id = 'early_shift' AND workplace_id IN ('40302009','40302010','40302011','40302012','40302013','40302014','40302015','40302016','40302017','40302018','40302019','40302020','40302021','40302022','40302023','40302024','40302025','40302026','40302027','40302028','40302029')
2026-07-30 11:42:09 INFO SQL [ssp_webapp_disturbances(select)]: 3 row(s) returned
2026-07-30 11:42:09 INFO General Data: Collecting General Data
2026-07-30 11:42:09 INFO SQL [ssp_webapp_input(select)]: SELECT * FROM [DWH].[utility].[ssp_webapp_input] WHERE date_id = '2026-07-29' AND shift_id = 'early_shift' AND line_id = 'CVJ - CVJ'
2026-07-30 11:42:09 INFO SQL [ssp_webapp_input(select)]: 1 row(s) returned
2026-07-30 11:42:09 INFO General Data: Found existing records for the Selection
2026-07-30 11:42:09 INFO General Data: Loading employee Data
2026-07-30 11:42:09 INFO General Data: Loading Output Data
2026-07-30 11:42:09 INFO General Data: Saving General Data
2026-07-30 11:42:09 INFO WRITE [ssp_webapp_input]: row updated
2026-07-30 11:42:09 INFO SQL [ssp_webapp_input(reselect)]: SELECT * FROM [DWH].[utility].[ssp_webapp_input] WHERE date_id = '2026-07-29' AND shift_id = 'early_shift' AND line_id = 'CVJ - CVJ'
2026-07-30 11:42:09 INFO SQL [ssp_webapp_input(reselect)]: 1 row(s) returned
2026-07-30 11:49:57 INFO ########## LOADING DATA ###################
2026-07-30 11:49:57 INFO Selection: {'date': datetime.date(2026, 7, 29), 'date_str_de': '29.07.2026', 'shift': 'Morning shift', 'shift_id': 'early_shift', 'department': 'OMA', 'line': 'CVJ - CVJ', 'subline': 'CVJ - CVJ', 'workplaces': ['40302009', '40302010', '40302011', '40302012', '40302013', '40302014', '40302015', '40302016', '40302017', '40302018', '40302019', '40302020', '40302021', '40302022', '40302023', '40302024', '40302025', '40302026', '40302027', '40302028', '40302029'], 'workplaces_list': "'40302009','40302010','40302011','40302012','40302013','40302014','40302015','40302016','40302017','40302018','40302019','40302020','40302021','40302022','40302023','40302024','40302025','40302026','40302027','40302028','40302029'"}
2026-07-30 11:49:57 INFO Quantities: Collecting Machine Quantities
2026-07-30 11:49:57 INFO Quantities: Loading Machine Quantities from Forcam API
2026-07-30 11:49:57 INFO API [Forcam-Token]: GET https://force:25443/ffauth/oauth2.0/accessToken?client_id=IT_TEST&client_secret=***&grant_type=client_credentials&scope=read
2026-07-30 11:49:57 INFO API [Quantities]: GET https://force:24443/ffwebservices/customized/v3/ifareports/ssp/?limit=100&formatted=true&timeZoneId=Europe/Warsaw&workplace=12ACD3C91940413EB7D9B4DEDCB412F7&workplace=E6DEB6D0405A49F8999FAED015345E99&workplace=B411223989524E809C4A94FD4790C04A&workplace=766335376CD246449E68D72CA699B349&workplace=02536054C1D94BD18B8EC6DB228F0FF5&workplace=25660671B39D4DE694CFB23123719BDC&workplace=C9791AD2B068474692D24A9FE6861A16&workplace=920371B9911747E089DDA0BA8BBB6CAC&workplace=96D9199D6F45471E8E02A7748E89DC47&workplace=4A536BC95A674FED80E261AB12DC0429&workplace=D283CF5FB972427281915314E2BE73FC&workplace=88B6A40066FA4D27B437167F9BD5A993&workplace=84E6ADFD1719451F995AA16B49CE457A&workplace=8EE688E292B94942AAAF5C79D5E2292A&workplace=D83CEB88A89D4F3D8C94C8EE1B7B6FD2&workplace=08C31AB71725448EAF3A03EB3C02894B&workplace=3808C7030BD141FCA7FF90D29990C513&workplace=B5446A24D05F4704B0A615FEE0EEA5C0&workplace=038D6A3F9EA94C3CAEF3BEBBDF1E91A0&workplace=DDF63585ED4149D4A047EB0F61A1CDDC&workplace=A886E06062CF402DA13777991EC0DA30&timeTimeType=HOUR&timeIncludeCurrent=true&timeStartDate=2026-07-29T06:00:00&timeEndDate=2026-07-29T14:00:00
2026-07-30 11:49:59 INFO API [Quantities]: response total=9
2026-07-30 11:49:59 INFO Quantities: Amount of Events: 9
2026-07-30 11:49:59 INFO Quantities: Saving Data in style: update
2026-07-30 11:49:59 INFO SQL [ssp_webapp_quantities(columns)]: SELECT COLUMN_NAME FROM INFORMATION_SCHEMA.COLUMNS WHERE TABLE_NAME = 'ssp_webapp_quantities'
2026-07-30 11:49:59 INFO SQL [ssp_webapp_quantities(columns)]: 17 row(s) returned
2026-07-30 11:49:59 INFO WRITE [ssp_webapp_quantities]: updated, 21 row(s) processed
2026-07-30 11:49:59 INFO SQL [ssp_webapp_quantities(select)]: SELECT * FROM [DWH].[utility].[ssp_webapp_quantities] WHERE date_id = '2026-07-29' AND shift_id = 'early_shift' AND workplace_id IN ('40302009','40302010','40302011','40302012','40302013','40302014','40302015','40302016','40302017','40302018','40302019','40302020','40302021','40302022','40302023','40302024','40302025','40302026','40302027','40302028','40302029')
2026-07-30 11:49:59 INFO SQL [ssp_webapp_quantities(select)]: 21 row(s) returned
2026-07-30 11:49:59 INFO Disturbance: Collecting Machine Disturbance Data
2026-07-30 11:49:59 INFO Disturbance: Loading Machine Disturbance Data from Forcam API
2026-07-30 11:49:59 INFO API [Forcam-Token]: GET https://force:25443/ffauth/oauth2.0/accessToken?client_id=IT_TEST&client_secret=***&grant_type=client_credentials&scope=read
2026-07-30 11:49:59 INFO API [Disturbance]: GET https://force:24443/ffwebservices/customized/v3/ifareports/operating_state_log/?limit=100&formatted=true&timeZoneId=Europe/Warsaw&workplace=12ACD3C91940413EB7D9B4DEDCB412F7&workplace=E6DEB6D0405A49F8999FAED015345E99&workplace=B411223989524E809C4A94FD4790C04A&workplace=766335376CD246449E68D72CA699B349&workplace=02536054C1D94BD18B8EC6DB228F0FF5&workplace=25660671B39D4DE694CFB23123719BDC&workplace=C9791AD2B068474692D24A9FE6861A16&workplace=920371B9911747E089DDA0BA8BBB6CAC&workplace=96D9199D6F45471E8E02A7748E89DC47&workplace=4A536BC95A674FED80E261AB12DC0429&workplace=D283CF5FB972427281915314E2BE73FC&workplace=88B6A40066FA4D27B437167F9BD5A993&workplace=84E6ADFD1719451F995AA16B49CE457A&workplace=8EE688E292B94942AAAF5C79D5E2292A&workplace=D83CEB88A89D4F3D8C94C8EE1B7B6FD2&workplace=08C31AB71725448EAF3A03EB3C02894B&workplace=3808C7030BD141FCA7FF90D29990C513&workplace=B5446A24D05F4704B0A615FEE0EEA5C0&workplace=038D6A3F9EA94C3CAEF3BEBBDF1E91A0&workplace=DDF63585ED4149D4A047EB0F61A1CDDC&workplace=A886E06062CF402DA13777991EC0DA30&timeType=HOUR&includeCurrent=true&startDate=2026-07-29T06:00:00&endDate=2026-07-29T14:00:00&operationOperatingStatus=8098005&operationOperatingStatus=8098004&operationOperatingStatus=8098007&operationOperatingStatus=8098006&operationOperatingStatus=8098008&operationOperatingStatus=8098023&operationOperatingStatus=179357&operationOperatingStatus=766925901&operationOperatingStatus=8098012&operationOperatingStatus=164353801&operationOperatingStatus=8098011&operationOperatingStatus=179366&operationOperatingStatus=8098013&operationOperatingStatus=8098010&operationOperatingStatus=8098015&operationOperatingStatus=8098014&operationOperatingStatus=8098016&operationOperatingStatus=8098009&operationOperatingStatus=766925902&operationOperatingStatus=164353802&operationOperatingStatus=766925904&operationOperatingStatus=766925903&operationOperatingStatus=8098018&operationOperatingStatus=8098026&operationOperatingStatus=8098019&operationOperatingStatus=8098021&operationOperatingStatus=8098020
2026-07-30 11:50:05 INFO API [Disturbance]: response total=29
2026-07-30 11:50:05 INFO Disturbance: Amount of Events: 29
2026-07-30 11:50:05 INFO Disturbance: Saving Data in style: update
2026-07-30 11:50:05 INFO SQL [ssp_webapp_disturbances(columns)]: SELECT COLUMN_NAME FROM INFORMATION_SCHEMA.COLUMNS WHERE TABLE_NAME = 'ssp_webapp_disturbances'
2026-07-30 11:50:05 INFO SQL [ssp_webapp_disturbances(columns)]: 15 row(s) returned
2026-07-30 11:50:05 INFO WRITE [ssp_webapp_disturbances]: updated, 3 row(s) processed
2026-07-30 11:50:05 INFO SQL [ssp_webapp_disturbances(select)]: SELECT * FROM [utility].[ssp_webapp_disturbances] WHERE date_id = '2026-07-29' AND shift_id = 'early_shift' AND workplace_id IN ('40302009','40302010','40302011','40302012','40302013','40302014','40302015','40302016','40302017','40302018','40302019','40302020','40302021','40302022','40302023','40302024','40302025','40302026','40302027','40302028','40302029')
2026-07-30 11:50:05 INFO SQL [ssp_webapp_disturbances(select)]: 3 row(s) returned
2026-07-30 11:50:05 INFO General Data: Collecting General Data
2026-07-30 11:50:05 INFO SQL [ssp_webapp_input(select)]: SELECT * FROM [DWH].[utility].[ssp_webapp_input] WHERE date_id = '2026-07-29' AND shift_id = 'early_shift' AND line_id = 'CVJ - CVJ'
2026-07-30 11:50:05 INFO SQL [ssp_webapp_input(select)]: 1 row(s) returned
2026-07-30 11:50:05 INFO General Data: Found existing records for the Selection
2026-07-30 11:50:05 INFO General Data: Loading employee Data
2026-07-30 11:50:05 INFO General Data: Loading Output Data
2026-07-30 11:50:05 INFO General Data: Saving General Data
2026-07-30 11:50:05 INFO WRITE [ssp_webapp_input]: row updated
2026-07-30 11:50:05 INFO SQL [ssp_webapp_input(reselect)]: SELECT * FROM [DWH].[utility].[ssp_webapp_input] WHERE date_id = '2026-07-29' AND shift_id = 'early_shift' AND line_id = 'CVJ - CVJ'
2026-07-30 11:50:05 INFO SQL [ssp_webapp_input(reselect)]: 1 row(s) returned
2026-07-30 13:45:46 INFO General Data: Collecting General Data
2026-07-30 13:45:46 INFO General Data: No records found for the Selection
2026-07-30 13:45:46 INFO General Data: Loading employee Data
2026-07-30 13:45:46 INFO General Data: Loading Output Data
2026-07-30 13:45:46 INFO General Data: Saving General Data
2026-07-30 13:45:47 ERROR get_hierarchy: DB query failed, returning empty hierarchy: DWH unreachable (simulated)
2026-07-30 13:45:47 ERROR get_forcam_uuid_maps: DB query failed, returning empty maps: DWH unreachable (simulated)
2026-07-30 13:45:47 ERROR get_operating_state_codes: DB query failed, returning empty result: DWH unreachable (simulated)
2026-07-30 13:45:47 ERROR get_wpl_info: DB query failed, returning empty result: DWH unreachable (simulated)
2026-07-30 13:45:47 WARNING Duplicate Forcam UUIDs in forcam_hierarchy, reverse mapping drops entries: ['UUID-A']
2026-07-30 13:45:47 INFO Disturbance: Loading Machine Disturbance Data from Forcam API
2026-07-30 13:45:47 ERROR E-Mail send failed: (535, b'auth failed (simulated)')
2026-07-30 13:45:47 INFO E-Mail was send
2026-07-30 13:45:47 INFO API [Forcam-Token]: GET https://force:25443/ffauth/oauth2.0/accessToken?client_id=IT_TEST&client_secret=***&grant_type=client_credentials&scope=read
2026-07-30 13:45:47 INFO API [Forcam-Token]: GET https://force:25443/ffauth/oauth2.0/accessToken?client_id=IT_TEST&client_secret=***&grant_type=client_credentials&scope=read
2026-07-30 13:45:47 INFO API [Forcam-Token]: GET https://force:25443/ffauth/oauth2.0/accessToken?client_id=IT_TEST&client_secret=***&grant_type=client_credentials&scope=read
2026-07-30 13:45:53 INFO SQL [hierarchy]: SELECT DISTINCT department, line_id + ' - ' + line_name AS line_id, subline_id + ' - ' + subline_name AS subline_id FROM [DWH].[dim].[workplace] WHERE department IS NOT NULL AND plant = 'UjaP'
2026-07-30 13:45:53 INFO SQL [hierarchy]: 1 row(s) returned
2026-07-30 13:45:53 INFO SQL [workplace_mapping]: SELECT DISTINCT workplace_id, line_id + ' - ' + line_name AS line_id, subline_id + ' - ' + subline_name AS subline_id FROM [DWH].[dim].[workplace] WHERE department IS NOT NULL AND plant = 'UjaP'
2026-07-30 13:45:53 INFO SQL [workplace_mapping]: 21 row(s) returned
2026-07-30 13:45:53 INFO SQL [forcam_uuid_map]: SELECT DISTINCT workplace_ifa_id, workplace_forcam_uuid FROM [DWH].[dim].[forcam_hierarchy]
2026-07-30 13:45:53 INFO SQL [forcam_uuid_map]: 698 row(s) returned
2026-07-30 13:45:53 INFO SQL [operating_state_codes]: SELECT DISTINCT code, title_en AS title, color FROM [DWH].[dim].[forcam_operating_state_codes_polska]
2026-07-30 13:45:53 INFO SQL [operating_state_codes]: 54 row(s) returned
2026-07-30 13:45:53 INFO SQL [wpl_info]: SELECT workplace_id, process, machine_name, output_relevant, line_name FROM [DWH].[dim].[workplace] WHERE plant = 'UjaP' AND (process != 'mes-logout' OR process IS NULL) AND line_name NOT IN ('')
2026-07-30 13:45:53 INFO SQL [wpl_info]: 21 row(s) returned
2026-07-30 13:45:53 INFO API [Forcam-Token]: GET https://force:25443/ffauth/oauth2.0/accessToken?client_id=IT_TEST&client_secret=***&grant_type=client_credentials&scope=read
2026-07-30 13:47:39 INFO General Data: Collecting General Data
2026-07-30 13:47:39 INFO General Data: No records found for the Selection
2026-07-30 13:47:39 INFO General Data: Loading employee Data
2026-07-30 13:47:39 INFO General Data: Loading Output Data
2026-07-30 13:47:40 INFO General Data: Saving General Data
2026-07-30 13:47:40 ERROR get_hierarchy: DB query failed, returning empty hierarchy: DWH unreachable (simulated)
2026-07-30 13:47:40 ERROR get_forcam_uuid_maps: DB query failed, returning empty maps: DWH unreachable (simulated)
2026-07-30 13:47:40 ERROR get_operating_state_codes: DB query failed, returning empty result: DWH unreachable (simulated)
2026-07-30 13:47:40 ERROR get_wpl_info: DB query failed, returning empty result: DWH unreachable (simulated)
2026-07-30 13:47:40 WARNING Duplicate Forcam UUIDs in forcam_hierarchy, reverse mapping drops entries: ['UUID-A']
2026-07-30 13:47:40 INFO Disturbance: Loading Machine Disturbance Data from Forcam API
2026-07-30 13:47:40 ERROR E-Mail send failed: (535, b'auth failed (simulated)')
2026-07-30 13:47:40 INFO E-Mail was send
2026-07-30 13:47:40 INFO API [Forcam-Token]: GET https://force:25443/ffauth/oauth2.0/accessToken?client_id=IT_TEST&client_secret=***&grant_type=client_credentials&scope=read
2026-07-30 13:47:40 INFO API [Forcam-Token]: GET https://force:25443/ffauth/oauth2.0/accessToken?client_id=IT_TEST&client_secret=***&grant_type=client_credentials&scope=read
2026-07-30 13:47:40 INFO API [Forcam-Token]: GET https://force:25443/ffauth/oauth2.0/accessToken?client_id=IT_TEST&client_secret=***&grant_type=client_credentials&scope=read
2026-07-30 13:52:56 INFO General Data: Collecting General Data
2026-07-30 13:52:56 INFO General Data: No records found for the Selection
2026-07-30 13:52:56 INFO General Data: Loading employee Data
2026-07-30 13:52:56 INFO General Data: Loading Output Data
2026-07-30 13:52:56 INFO General Data: Saving General Data
2026-07-30 13:52:56 ERROR get_hierarchy: DB query failed, returning empty hierarchy: DWH unreachable (simulated)
2026-07-30 13:52:56 ERROR get_forcam_uuid_maps: DB query failed, returning empty maps: DWH unreachable (simulated)
2026-07-30 13:52:56 ERROR get_operating_state_codes: DB query failed, returning empty result: DWH unreachable (simulated)
2026-07-30 13:52:56 ERROR get_wpl_info: DB query failed, returning empty result: DWH unreachable (simulated)
2026-07-30 13:52:56 WARNING Duplicate Forcam UUIDs in forcam_hierarchy, reverse mapping drops entries: ['UUID-A']
2026-07-30 13:52:57 INFO Disturbance: Loading Machine Disturbance Data from Forcam API
2026-07-30 13:52:57 INFO API [Disturbance]: GET https://force:24443/ffwebservices/customized/v3/ifareports/operating_state_log/?limit=100&formatted=true&timeZoneId=Europe/Warsaw&timeType=HOUR&includeCurrent=true&startDate=2026-07-30T06:00:00&endDate=2026-07-30T14:00:00&operationOperatingStatus=8098005&operationOperatingStatus=8098004&operationOperatingStatus=8098007&operationOperatingStatus=8098006&operationOperatingStatus=8098008&operationOperatingStatus=8098023&operationOperatingStatus=179357&operationOperatingStatus=766925901&operationOperatingStatus=8098012&operationOperatingStatus=164353801&operationOperatingStatus=8098011&operationOperatingStatus=179366&operationOperatingStatus=8098013&operationOperatingStatus=8098010&operationOperatingStatus=8098015&operationOperatingStatus=8098014&operationOperatingStatus=8098016&operationOperatingStatus=8098009&operationOperatingStatus=766925902&operationOperatingStatus=164353802&operationOperatingStatus=766925904&operationOperatingStatus=766925903&operationOperatingStatus=8098018&operationOperatingStatus=8098026&operationOperatingStatus=8098019&operationOperatingStatus=8098021&operationOperatingStatus=8098020
2026-07-30 13:52:57 INFO API [Disturbance]: response total=0
2026-07-30 13:52:57 WARNING Disturbance: No Data found or Error happened, creating empty DF: 'duration_minutes'
2026-07-30 13:52:57 ERROR E-Mail send failed: (535, b'auth failed (simulated)')
2026-07-30 13:52:57 INFO E-Mail was send
2026-07-30 13:52:57 INFO API [Forcam-Token]: GET https://force:25443/ffauth/oauth2.0/accessToken?client_id=IT_TEST&client_secret=***&grant_type=client_credentials&scope=read
2026-07-30 13:52:57 INFO API [Forcam-Token]: GET https://force:25443/ffauth/oauth2.0/accessToken?client_id=IT_TEST&client_secret=***&grant_type=client_credentials&scope=read
2026-07-30 13:52:57 INFO API [Forcam-Token]: GET https://force:25443/ffauth/oauth2.0/accessToken?client_id=IT_TEST&client_secret=***&grant_type=client_credentials&scope=read
2026-07-30 13:53:02 INFO SQL [hierarchy]: SELECT DISTINCT department, line_id + ' - ' + line_name AS line_id, subline_id + ' - ' + subline_name AS subline_id FROM [DWH].[dim].[workplace] WHERE department IS NOT NULL AND plant = 'UjaP'
2026-07-30 13:53:02 INFO SQL [hierarchy]: 1 row(s) returned
2026-07-30 13:53:02 INFO SQL [workplace_mapping]: SELECT DISTINCT workplace_id, line_id + ' - ' + line_name AS line_id, subline_id + ' - ' + subline_name AS subline_id FROM [DWH].[dim].[workplace] WHERE department IS NOT NULL AND plant = 'UjaP'
2026-07-30 13:53:02 INFO SQL [workplace_mapping]: 21 row(s) returned
2026-07-30 13:53:02 INFO SQL [forcam_uuid_map]: SELECT DISTINCT workplace_ifa_id, workplace_forcam_uuid FROM [DWH].[dim].[forcam_hierarchy]
2026-07-30 13:53:03 INFO SQL [forcam_uuid_map]: 698 row(s) returned
2026-07-30 13:53:03 INFO SQL [operating_state_codes]: SELECT DISTINCT code, title_en AS title, color FROM [DWH].[dim].[forcam_operating_state_codes_polska]
2026-07-30 13:53:03 INFO SQL [operating_state_codes]: 54 row(s) returned
2026-07-30 13:53:03 INFO SQL [wpl_info]: SELECT workplace_id, process, machine_name, output_relevant, line_name FROM [DWH].[dim].[workplace] WHERE plant = 'UjaP' AND (process != 'mes-logout' OR process IS NULL) AND line_name NOT IN ('')
2026-07-30 13:53:03 INFO SQL [wpl_info]: 21 row(s) returned
2026-07-30 13:53:03 INFO API [Forcam-Token]: GET https://force:25443/ffauth/oauth2.0/accessToken?client_id=IT_TEST&client_secret=***&grant_type=client_credentials&scope=read
2026-07-30 13:56:39 INFO General Data: Collecting General Data
2026-07-30 13:56:39 INFO General Data: No records found for the Selection
2026-07-30 13:56:39 INFO General Data: Loading employee Data
2026-07-30 13:56:39 INFO General Data: Loading Output Data
2026-07-30 13:56:39 INFO General Data: Saving General Data
2026-07-30 13:56:39 ERROR get_hierarchy: DB query failed, returning empty hierarchy: DWH unreachable (simulated)
2026-07-30 13:56:39 ERROR get_forcam_uuid_maps: DB query failed, returning empty maps: DWH unreachable (simulated)
2026-07-30 13:56:39 ERROR get_operating_state_codes: DB query failed, returning empty result: DWH unreachable (simulated)
2026-07-30 13:56:39 ERROR get_wpl_info: DB query failed, returning empty result: DWH unreachable (simulated)
2026-07-30 13:56:39 WARNING Duplicate Forcam UUIDs in forcam_hierarchy, reverse mapping drops entries: ['UUID-A']
2026-07-30 13:56:40 INFO Disturbance: Loading Machine Disturbance Data from Forcam API
2026-07-30 13:56:40 INFO API [Disturbance]: GET https://force:24443/ffwebservices/customized/v3/ifareports/operating_state_log/?limit=100&formatted=true&timeZoneId=Europe/Warsaw&timeType=HOUR&includeCurrent=true&startDate=2026-07-30T06:00:00&endDate=2026-07-30T14:00:00&operationOperatingStatus=8098005&operationOperatingStatus=8098004&operationOperatingStatus=8098007&operationOperatingStatus=8098006&operationOperatingStatus=8098008&operationOperatingStatus=8098023&operationOperatingStatus=179357&operationOperatingStatus=766925901&operationOperatingStatus=8098012&operationOperatingStatus=164353801&operationOperatingStatus=8098011&operationOperatingStatus=179366&operationOperatingStatus=8098013&operationOperatingStatus=8098010&operationOperatingStatus=8098015&operationOperatingStatus=8098014&operationOperatingStatus=8098016&operationOperatingStatus=8098009&operationOperatingStatus=766925902&operationOperatingStatus=164353802&operationOperatingStatus=766925904&operationOperatingStatus=766925903&operationOperatingStatus=8098018&operationOperatingStatus=8098026&operationOperatingStatus=8098019&operationOperatingStatus=8098021&operationOperatingStatus=8098020
2026-07-30 13:56:40 INFO API [Disturbance]: response total=0
2026-07-30 13:56:40 WARNING Disturbance: No Data found or Error happened, creating empty DF: 'duration_minutes'
2026-07-30 13:56:40 ERROR E-Mail send failed: (535, b'auth failed (simulated)')
2026-07-30 13:56:40 INFO E-Mail was send
2026-07-30 13:56:40 INFO API [Forcam-Token]: GET https://force:25443/ffauth/oauth2.0/accessToken?client_id=IT_TEST&client_secret=***&grant_type=client_credentials&scope=read
2026-07-30 13:56:40 INFO API [Forcam-Token]: GET https://force:25443/ffauth/oauth2.0/accessToken?client_id=IT_TEST&client_secret=***&grant_type=client_credentials&scope=read
2026-07-30 13:56:40 INFO API [Forcam-Token]: GET https://force:25443/ffauth/oauth2.0/accessToken?client_id=IT_TEST&client_secret=***&grant_type=client_credentials&scope=read
2026-07-30 13:56:46 INFO SQL [hierarchy]: SELECT DISTINCT department, line_id + ' - ' + line_name AS line_id, subline_id + ' - ' + subline_name AS subline_id FROM [DWH].[dim].[workplace] WHERE department IS NOT NULL AND plant = 'UjaP'
2026-07-30 13:56:46 INFO SQL [hierarchy]: 1 row(s) returned
2026-07-30 13:56:46 INFO SQL [workplace_mapping]: SELECT DISTINCT workplace_id, line_id + ' - ' + line_name AS line_id, subline_id + ' - ' + subline_name AS subline_id FROM [DWH].[dim].[workplace] WHERE department IS NOT NULL AND plant = 'UjaP'
2026-07-30 13:56:46 INFO SQL [workplace_mapping]: 21 row(s) returned
2026-07-30 13:56:46 INFO SQL [forcam_uuid_map]: SELECT DISTINCT workplace_ifa_id, workplace_forcam_uuid FROM [DWH].[dim].[forcam_hierarchy]
2026-07-30 13:56:46 INFO SQL [forcam_uuid_map]: 698 row(s) returned
2026-07-30 13:56:46 INFO SQL [operating_state_codes]: SELECT DISTINCT code, title_en AS title, color FROM [DWH].[dim].[forcam_operating_state_codes_polska]
2026-07-30 13:56:46 INFO SQL [operating_state_codes]: 54 row(s) returned
2026-07-30 13:56:46 INFO SQL [wpl_info]: SELECT workplace_id, process, machine_name, output_relevant, line_name FROM [DWH].[dim].[workplace] WHERE plant = 'UjaP' AND (process != 'mes-logout' OR process IS NULL) AND line_name NOT IN ('')
2026-07-30 13:56:46 INFO SQL [wpl_info]: 21 row(s) returned
2026-07-30 13:56:46 INFO API [Forcam-Token]: GET https://force:25443/ffauth/oauth2.0/accessToken?client_id=IT_TEST&client_secret=***&grant_type=client_credentials&scope=read
2026-08-03 07:48:49 INFO SQL [hierarchy]: SELECT DISTINCT department, line_id + ' - ' + line_name AS line_id, subline_id + ' - ' + subline_name AS subline_id FROM [DWH].[dim].[workplace] WHERE department IS NOT NULL AND plant = 'UjaP'
2026-08-03 07:48:50 INFO SQL [hierarchy]: 1 row(s) returned
2026-08-03 07:48:50 INFO SQL [workplace_mapping]: SELECT DISTINCT workplace_id, line_id + ' - ' + line_name AS line_id, subline_id + ' - ' + subline_name AS subline_id FROM [DWH].[dim].[workplace] WHERE department IS NOT NULL AND plant = 'UjaP'
2026-08-03 07:48:50 INFO SQL [workplace_mapping]: 21 row(s) returned
2026-08-03 07:49:09 INFO ########## LOADING DATA ###################
2026-08-03 07:49:09 INFO Selection: {'date': datetime.date(2026, 8, 3), 'date_str_de': '03.08.2026', 'shift': 'Afternoon shift', 'shift_id': 'late_shift', 'department': 'OMA', 'line': 'CVJ - CVJ', 'subline': 'CVJ - CVJ', 'workplaces': ['40302009', '40302010', '40302011', '40302012', '40302013', '40302014', '40302015', '40302016', '40302017', '40302018', '40302019', '40302020', '40302021', '40302022', '40302023', '40302024', '40302025', '40302026', '40302027', '40302028', '40302029'], 'workplaces_list': "'40302009','40302010','40302011','40302012','40302013','40302014','40302015','40302016','40302017','40302018','40302019','40302020','40302021','40302022','40302023','40302024','40302025','40302026','40302027','40302028','40302029'"}
2026-08-03 07:49:09 INFO Quantities: Collecting Machine Quantities
2026-08-03 07:49:09 INFO Quantities: Loading Machine Quantities from Forcam API
2026-08-03 07:49:09 INFO SQL [forcam_uuid_map]: SELECT DISTINCT workplace_ifa_id, workplace_forcam_uuid FROM [DWH].[dim].[forcam_hierarchy]
2026-08-03 07:49:09 INFO SQL [forcam_uuid_map]: 698 row(s) returned
2026-08-03 07:49:09 INFO API [Forcam-Token]: GET https://force:25443/ffauth/oauth2.0/accessToken?client_id=IT_TEST&client_secret=***&grant_type=client_credentials&scope=read
2026-08-03 07:49:09 INFO API [Quantities]: GET https://force:24443/ffwebservices/customized/v3/ifareports/ssp/?limit=100&formatted=true&timeZoneId=Europe/Warsaw&workplace=12ACD3C91940413EB7D9B4DEDCB412F7&workplace=E6DEB6D0405A49F8999FAED015345E99&workplace=B411223989524E809C4A94FD4790C04A&workplace=766335376CD246449E68D72CA699B349&workplace=02536054C1D94BD18B8EC6DB228F0FF5&workplace=25660671B39D4DE694CFB23123719BDC&workplace=C9791AD2B068474692D24A9FE6861A16&workplace=920371B9911747E089DDA0BA8BBB6CAC&workplace=96D9199D6F45471E8E02A7748E89DC47&workplace=4A536BC95A674FED80E261AB12DC0429&workplace=D283CF5FB972427281915314E2BE73FC&workplace=88B6A40066FA4D27B437167F9BD5A993&workplace=84E6ADFD1719451F995AA16B49CE457A&workplace=8EE688E292B94942AAAF5C79D5E2292A&workplace=D83CEB88A89D4F3D8C94C8EE1B7B6FD2&workplace=08C31AB71725448EAF3A03EB3C02894B&workplace=3808C7030BD141FCA7FF90D29990C513&workplace=B5446A24D05F4704B0A615FEE0EEA5C0&workplace=038D6A3F9EA94C3CAEF3BEBBDF1E91A0&workplace=DDF63585ED4149D4A047EB0F61A1CDDC&workplace=A886E06062CF402DA13777991EC0DA30&timeTimeType=HOUR&timeIncludeCurrent=true&timeStartDate=2026-08-03T14:00:00&timeEndDate=2026-08-03T22:00:00
2026-08-03 07:49:15 INFO API [Quantities]: response total=0
2026-08-03 07:49:15 INFO Quantities: Saving Data in style: update
2026-08-03 07:49:15 INFO SQL [ssp_webapp_quantities(columns)]: SELECT COLUMN_NAME FROM INFORMATION_SCHEMA.COLUMNS WHERE TABLE_NAME = 'ssp_webapp_quantities'
2026-08-03 07:49:15 INFO SQL [ssp_webapp_quantities(columns)]: 17 row(s) returned
2026-08-03 07:49:15 INFO WRITE [ssp_webapp_quantities]: no matching row for workplace_id=40302009, inserting new one
2026-08-03 07:49:15 INFO WRITE [ssp_webapp_quantities]: no matching row for workplace_id=40302010, inserting new one
2026-08-03 07:49:15 INFO WRITE [ssp_webapp_quantities]: no matching row for workplace_id=40302011, inserting new one
2026-08-03 07:49:15 INFO WRITE [ssp_webapp_quantities]: no matching row for workplace_id=40302012, inserting new one
2026-08-03 07:49:15 INFO WRITE [ssp_webapp_quantities]: no matching row for workplace_id=40302013, inserting new one
2026-08-03 07:49:15 INFO WRITE [ssp_webapp_quantities]: no matching row for workplace_id=40302014, inserting new one
2026-08-03 07:49:16 INFO WRITE [ssp_webapp_quantities]: no matching row for workplace_id=40302015, inserting new one
2026-08-03 07:49:16 INFO WRITE [ssp_webapp_quantities]: no matching row for workplace_id=40302016, inserting new one
2026-08-03 07:49:16 INFO WRITE [ssp_webapp_quantities]: no matching row for workplace_id=40302017, inserting new one
2026-08-03 07:49:16 INFO WRITE [ssp_webapp_quantities]: no matching row for workplace_id=40302018, inserting new one
2026-08-03 07:49:16 INFO WRITE [ssp_webapp_quantities]: no matching row for workplace_id=40302019, inserting new one
2026-08-03 07:49:16 INFO WRITE [ssp_webapp_quantities]: no matching row for workplace_id=40302020, inserting new one
2026-08-03 07:49:16 INFO WRITE [ssp_webapp_quantities]: no matching row for workplace_id=40302021, inserting new one
2026-08-03 07:49:16 INFO WRITE [ssp_webapp_quantities]: no matching row for workplace_id=40302022, inserting new one
2026-08-03 07:49:16 INFO WRITE [ssp_webapp_quantities]: no matching row for workplace_id=40302023, inserting new one
2026-08-03 07:49:16 INFO WRITE [ssp_webapp_quantities]: no matching row for workplace_id=40302024, inserting new one
2026-08-03 07:49:16 INFO WRITE [ssp_webapp_quantities]: no matching row for workplace_id=40302025, inserting new one
2026-08-03 07:49:16 INFO WRITE [ssp_webapp_quantities]: no matching row for workplace_id=40302026, inserting new one
2026-08-03 07:49:16 INFO WRITE [ssp_webapp_quantities]: no matching row for workplace_id=40302027, inserting new one
2026-08-03 07:49:16 INFO WRITE [ssp_webapp_quantities]: no matching row for workplace_id=40302028, inserting new one
2026-08-03 07:49:16 INFO WRITE [ssp_webapp_quantities]: no matching row for workplace_id=40302029, inserting new one
2026-08-03 07:49:16 INFO WRITE [ssp_webapp_quantities]: updated, 21 row(s) processed
2026-08-03 07:49:16 INFO SQL [ssp_webapp_quantities(select)]: SELECT * FROM [DWH].[utility].[ssp_webapp_quantities] WHERE date_id = '2026-08-03' AND shift_id = 'late_shift' AND workplace_id IN ('40302009','40302010','40302011','40302012','40302013','40302014','40302015','40302016','40302017','40302018','40302019','40302020','40302021','40302022','40302023','40302024','40302025','40302026','40302027','40302028','40302029')
2026-08-03 07:49:16 INFO SQL [ssp_webapp_quantities(select)]: 21 row(s) returned
2026-08-03 07:49:16 INFO SQL [wpl_info]: SELECT workplace_id, process, machine_name, output_relevant, line_name FROM [DWH].[dim].[workplace] WHERE plant = 'UjaP' AND (process != 'mes-logout' OR process IS NULL) AND line_name NOT IN ('')
2026-08-03 07:49:16 INFO SQL [wpl_info]: 21 row(s) returned
2026-08-03 07:49:16 INFO Disturbance: Collecting Machine Disturbance Data
2026-08-03 07:49:16 INFO Disturbance: Loading Machine Disturbance Data from Forcam API
2026-08-03 07:49:16 INFO API [Forcam-Token]: GET https://force:25443/ffauth/oauth2.0/accessToken?client_id=IT_TEST&client_secret=***&grant_type=client_credentials&scope=read
2026-08-03 07:49:16 INFO API [Disturbance]: GET https://force:24443/ffwebservices/customized/v3/ifareports/operating_state_log/?limit=100&formatted=true&timeZoneId=Europe/Warsaw&workplace=12ACD3C91940413EB7D9B4DEDCB412F7&workplace=E6DEB6D0405A49F8999FAED015345E99&workplace=B411223989524E809C4A94FD4790C04A&workplace=766335376CD246449E68D72CA699B349&workplace=02536054C1D94BD18B8EC6DB228F0FF5&workplace=25660671B39D4DE694CFB23123719BDC&workplace=C9791AD2B068474692D24A9FE6861A16&workplace=920371B9911747E089DDA0BA8BBB6CAC&workplace=96D9199D6F45471E8E02A7748E89DC47&workplace=4A536BC95A674FED80E261AB12DC0429&workplace=D283CF5FB972427281915314E2BE73FC&workplace=88B6A40066FA4D27B437167F9BD5A993&workplace=84E6ADFD1719451F995AA16B49CE457A&workplace=8EE688E292B94942AAAF5C79D5E2292A&workplace=D83CEB88A89D4F3D8C94C8EE1B7B6FD2&workplace=08C31AB71725448EAF3A03EB3C02894B&workplace=3808C7030BD141FCA7FF90D29990C513&workplace=B5446A24D05F4704B0A615FEE0EEA5C0&workplace=038D6A3F9EA94C3CAEF3BEBBDF1E91A0&workplace=DDF63585ED4149D4A047EB0F61A1CDDC&workplace=A886E06062CF402DA13777991EC0DA30&timeType=HOUR&includeCurrent=true&startDate=2026-08-03T14:00:00&endDate=2026-08-03T22:00:00&operationOperatingStatus=8098005&operationOperatingStatus=8098004&operationOperatingStatus=8098007&operationOperatingStatus=8098006&operationOperatingStatus=8098008&operationOperatingStatus=8098023&operationOperatingStatus=179357&operationOperatingStatus=766925901&operationOperatingStatus=8098012&operationOperatingStatus=164353801&operationOperatingStatus=8098011&operationOperatingStatus=179366&operationOperatingStatus=8098013&operationOperatingStatus=8098010&operationOperatingStatus=8098015&operationOperatingStatus=8098014&operationOperatingStatus=8098016&operationOperatingStatus=8098009&operationOperatingStatus=766925902&operationOperatingStatus=164353802&operationOperatingStatus=766925904&operationOperatingStatus=766925903&operationOperatingStatus=8098018&operationOperatingStatus=8098026&operationOperatingStatus=8098019&operationOperatingStatus=8098021&operationOperatingStatus=8098020
2026-08-03 07:49:35 INFO API [Disturbance]: response total=0
2026-08-03 07:49:35 WARNING Disturbance: No Data found or Error happened, creating empty DF: 'duration_minutes'
2026-08-03 07:49:35 INFO SQL [operating_state_codes]: SELECT DISTINCT code, title_en AS title, color FROM [DWH].[dim].[forcam_operating_state_codes_polska]
2026-08-03 07:49:35 INFO SQL [operating_state_codes]: 54 row(s) returned
2026-08-03 07:49:35 INFO Disturbance: Saving Data in style: update
2026-08-03 07:49:35 INFO SQL [ssp_webapp_disturbances(columns)]: SELECT COLUMN_NAME FROM INFORMATION_SCHEMA.COLUMNS WHERE TABLE_NAME = 'ssp_webapp_disturbances'
2026-08-03 07:49:35 INFO SQL [ssp_webapp_disturbances(columns)]: 15 row(s) returned
2026-08-03 07:49:35 INFO WRITE [ssp_webapp_disturbances]: updated, 0 row(s) processed
2026-08-03 07:49:35 INFO SQL [ssp_webapp_disturbances(select)]: SELECT * FROM [utility].[ssp_webapp_disturbances] WHERE date_id = '2026-08-03' AND shift_id = 'late_shift' AND workplace_id IN ('40302009','40302010','40302011','40302012','40302013','40302014','40302015','40302016','40302017','40302018','40302019','40302020','40302021','40302022','40302023','40302024','40302025','40302026','40302027','40302028','40302029')
2026-08-03 07:49:35 INFO SQL [ssp_webapp_disturbances(select)]: 0 row(s) returned
2026-08-03 07:49:35 INFO General Data: Collecting General Data
2026-08-03 07:49:35 INFO SQL [ssp_webapp_input(select)]: SELECT * FROM [DWH].[utility].[ssp_webapp_input] WHERE date_id = '2026-08-03' AND shift_id = 'late_shift' AND line_id = 'CVJ - CVJ'
2026-08-03 07:49:35 INFO SQL [ssp_webapp_input(select)]: 0 row(s) returned
2026-08-03 07:49:35 INFO General Data: No records found for the Selection
2026-08-03 07:49:35 INFO General Data: Loading employee Data
2026-08-03 07:49:35 INFO General Data: Loading Output Data
2026-08-03 07:49:35 INFO General Data: Saving General Data
2026-08-03 07:49:35 INFO WRITE [ssp_webapp_input]: no matching row, inserting new one
2026-08-03 07:49:35 INFO SQL [ssp_webapp_input(reselect)]: SELECT * FROM [DWH].[utility].[ssp_webapp_input] WHERE date_id = '2026-08-03' AND shift_id = 'late_shift' AND line_id = 'CVJ - CVJ'
2026-08-03 07:49:35 INFO SQL [ssp_webapp_input(reselect)]: 1 row(s) returned
2026-08-03 07:49:47 INFO ########## LOADING DATA ###################
2026-08-03 07:49:47 INFO Selection: {'date': datetime.date(2026, 8, 3), 'date_str_de': '03.08.2026', 'shift': 'Night shift', 'shift_id': 'night_shift', 'department': 'OMA', 'line': 'CVJ - CVJ', 'subline': 'CVJ - CVJ', 'workplaces': ['40302009', '40302010', '40302011', '40302012', '40302013', '40302014', '40302015', '40302016', '40302017', '40302018', '40302019', '40302020', '40302021', '40302022', '40302023', '40302024', '40302025', '40302026', '40302027', '40302028', '40302029'], 'workplaces_list': "'40302009','40302010','40302011','40302012','40302013','40302014','40302015','40302016','40302017','40302018','40302019','40302020','40302021','40302022','40302023','40302024','40302025','40302026','40302027','40302028','40302029'"}
2026-08-03 07:49:47 INFO Quantities: Collecting Machine Quantities
2026-08-03 07:49:47 INFO Quantities: Loading Machine Quantities from Forcam API
2026-08-03 07:49:47 INFO API [Forcam-Token]: GET https://force:25443/ffauth/oauth2.0/accessToken?client_id=IT_TEST&client_secret=***&grant_type=client_credentials&scope=read
2026-08-03 07:49:47 INFO API [Quantities]: GET https://force:24443/ffwebservices/customized/v3/ifareports/ssp/?limit=100&formatted=true&timeZoneId=Europe/Warsaw&workplace=12ACD3C91940413EB7D9B4DEDCB412F7&workplace=E6DEB6D0405A49F8999FAED015345E99&workplace=B411223989524E809C4A94FD4790C04A&workplace=766335376CD246449E68D72CA699B349&workplace=02536054C1D94BD18B8EC6DB228F0FF5&workplace=25660671B39D4DE694CFB23123719BDC&workplace=C9791AD2B068474692D24A9FE6861A16&workplace=920371B9911747E089DDA0BA8BBB6CAC&workplace=96D9199D6F45471E8E02A7748E89DC47&workplace=4A536BC95A674FED80E261AB12DC0429&workplace=D283CF5FB972427281915314E2BE73FC&workplace=88B6A40066FA4D27B437167F9BD5A993&workplace=84E6ADFD1719451F995AA16B49CE457A&workplace=8EE688E292B94942AAAF5C79D5E2292A&workplace=D83CEB88A89D4F3D8C94C8EE1B7B6FD2&workplace=08C31AB71725448EAF3A03EB3C02894B&workplace=3808C7030BD141FCA7FF90D29990C513&workplace=B5446A24D05F4704B0A615FEE0EEA5C0&workplace=038D6A3F9EA94C3CAEF3BEBBDF1E91A0&workplace=DDF63585ED4149D4A047EB0F61A1CDDC&workplace=A886E06062CF402DA13777991EC0DA30&timeTimeType=HOUR&timeIncludeCurrent=true&timeStartDate=2026-08-02T22:02:00&timeEndDate=2026-08-03T06:00:00
2026-08-03 07:49:57 INFO API [Quantities]: response total=2
2026-08-03 07:49:57 INFO Quantities: Amount of Events: 2
2026-08-03 07:49:57 INFO Quantities: Saving Data in style: update
2026-08-03 07:49:57 INFO SQL [ssp_webapp_quantities(columns)]: SELECT COLUMN_NAME FROM INFORMATION_SCHEMA.COLUMNS WHERE TABLE_NAME = 'ssp_webapp_quantities'
2026-08-03 07:49:57 INFO SQL [ssp_webapp_quantities(columns)]: 17 row(s) returned
2026-08-03 07:49:57 INFO WRITE [ssp_webapp_quantities]: no matching row for workplace_id=40302011, inserting new one
2026-08-03 07:49:57 INFO WRITE [ssp_webapp_quantities]: no matching row for workplace_id=40302012, inserting new one
2026-08-03 07:49:57 INFO WRITE [ssp_webapp_quantities]: no matching row for workplace_id=40302013, inserting new one
2026-08-03 07:49:57 INFO WRITE [ssp_webapp_quantities]: no matching row for workplace_id=40302014, inserting new one
2026-08-03 07:49:57 INFO WRITE [ssp_webapp_quantities]: no matching row for workplace_id=40302015, inserting new one
2026-08-03 07:49:57 INFO WRITE [ssp_webapp_quantities]: no matching row for workplace_id=40302016, inserting new one
2026-08-03 07:49:57 INFO WRITE [ssp_webapp_quantities]: no matching row for workplace_id=40302017, inserting new one
2026-08-03 07:49:57 INFO WRITE [ssp_webapp_quantities]: no matching row for workplace_id=40302018, inserting new one
2026-08-03 07:49:57 INFO WRITE [ssp_webapp_quantities]: no matching row for workplace_id=40302019, inserting new one
2026-08-03 07:49:57 INFO WRITE [ssp_webapp_quantities]: no matching row for workplace_id=40302020, inserting new one
2026-08-03 07:49:57 INFO WRITE [ssp_webapp_quantities]: no matching row for workplace_id=40302021, inserting new one
2026-08-03 07:49:57 INFO WRITE [ssp_webapp_quantities]: no matching row for workplace_id=40302022, inserting new one
2026-08-03 07:49:57 INFO WRITE [ssp_webapp_quantities]: no matching row for workplace_id=40302023, inserting new one
2026-08-03 07:49:58 INFO WRITE [ssp_webapp_quantities]: no matching row for workplace_id=40302024, inserting new one
2026-08-03 07:49:58 INFO WRITE [ssp_webapp_quantities]: no matching row for workplace_id=40302025, inserting new one
2026-08-03 07:49:58 INFO WRITE [ssp_webapp_quantities]: no matching row for workplace_id=40302026, inserting new one
2026-08-03 07:49:58 INFO WRITE [ssp_webapp_quantities]: no matching row for workplace_id=40302027, inserting new one
2026-08-03 07:49:58 INFO WRITE [ssp_webapp_quantities]: no matching row for workplace_id=40302028, inserting new one
2026-08-03 07:49:58 INFO WRITE [ssp_webapp_quantities]: no matching row for workplace_id=40302029, inserting new one
2026-08-03 07:49:58 INFO WRITE [ssp_webapp_quantities]: no matching row for workplace_id=40302009, inserting new one
2026-08-03 07:49:58 INFO WRITE [ssp_webapp_quantities]: no matching row for workplace_id=40302010, inserting new one
2026-08-03 07:49:58 INFO WRITE [ssp_webapp_quantities]: updated, 21 row(s) processed
2026-08-03 07:49:58 INFO SQL [ssp_webapp_quantities(select)]: SELECT * FROM [DWH].[utility].[ssp_webapp_quantities] WHERE date_id = '2026-08-03' AND shift_id = 'night_shift' AND workplace_id IN ('40302009','40302010','40302011','40302012','40302013','40302014','40302015','40302016','40302017','40302018','40302019','40302020','40302021','40302022','40302023','40302024','40302025','40302026','40302027','40302028','40302029')
2026-08-03 07:49:58 INFO SQL [ssp_webapp_quantities(select)]: 21 row(s) returned
2026-08-03 07:49:58 INFO Disturbance: Collecting Machine Disturbance Data
2026-08-03 07:49:58 INFO Disturbance: Loading Machine Disturbance Data from Forcam API
2026-08-03 07:49:58 INFO API [Forcam-Token]: GET https://force:25443/ffauth/oauth2.0/accessToken?client_id=IT_TEST&client_secret=***&grant_type=client_credentials&scope=read
2026-08-03 07:49:58 INFO API [Disturbance]: GET https://force:24443/ffwebservices/customized/v3/ifareports/operating_state_log/?limit=100&formatted=true&timeZoneId=Europe/Warsaw&workplace=12ACD3C91940413EB7D9B4DEDCB412F7&workplace=E6DEB6D0405A49F8999FAED015345E99&workplace=B411223989524E809C4A94FD4790C04A&workplace=766335376CD246449E68D72CA699B349&workplace=02536054C1D94BD18B8EC6DB228F0FF5&workplace=25660671B39D4DE694CFB23123719BDC&workplace=C9791AD2B068474692D24A9FE6861A16&workplace=920371B9911747E089DDA0BA8BBB6CAC&workplace=96D9199D6F45471E8E02A7748E89DC47&workplace=4A536BC95A674FED80E261AB12DC0429&workplace=D283CF5FB972427281915314E2BE73FC&workplace=88B6A40066FA4D27B437167F9BD5A993&workplace=84E6ADFD1719451F995AA16B49CE457A&workplace=8EE688E292B94942AAAF5C79D5E2292A&workplace=D83CEB88A89D4F3D8C94C8EE1B7B6FD2&workplace=08C31AB71725448EAF3A03EB3C02894B&workplace=3808C7030BD141FCA7FF90D29990C513&workplace=B5446A24D05F4704B0A615FEE0EEA5C0&workplace=038D6A3F9EA94C3CAEF3BEBBDF1E91A0&workplace=DDF63585ED4149D4A047EB0F61A1CDDC&workplace=A886E06062CF402DA13777991EC0DA30&timeType=HOUR&includeCurrent=true&startDate=2026-08-02T22:00:00&endDate=2026-08-03T06:00:00&operationOperatingStatus=8098005&operationOperatingStatus=8098004&operationOperatingStatus=8098007&operationOperatingStatus=8098006&operationOperatingStatus=8098008&operationOperatingStatus=8098023&operationOperatingStatus=179357&operationOperatingStatus=766925901&operationOperatingStatus=8098012&operationOperatingStatus=164353801&operationOperatingStatus=8098011&operationOperatingStatus=179366&operationOperatingStatus=8098013&operationOperatingStatus=8098010&operationOperatingStatus=8098015&operationOperatingStatus=8098014&operationOperatingStatus=8098016&operationOperatingStatus=8098009&operationOperatingStatus=766925902&operationOperatingStatus=164353802&operationOperatingStatus=766925904&operationOperatingStatus=766925903&operationOperatingStatus=8098018&operationOperatingStatus=8098026&operationOperatingStatus=8098019&operationOperatingStatus=8098021&operationOperatingStatus=8098020
2026-08-03 07:50:18 INFO API [Disturbance]: response total=0
2026-08-03 07:50:18 WARNING Disturbance: No Data found or Error happened, creating empty DF: 'duration_minutes'
2026-08-03 07:50:18 INFO Disturbance: Saving Data in style: update
2026-08-03 07:50:18 INFO SQL [ssp_webapp_disturbances(columns)]: SELECT COLUMN_NAME FROM INFORMATION_SCHEMA.COLUMNS WHERE TABLE_NAME = 'ssp_webapp_disturbances'
2026-08-03 07:50:18 INFO SQL [ssp_webapp_disturbances(columns)]: 15 row(s) returned
2026-08-03 07:50:18 INFO WRITE [ssp_webapp_disturbances]: updated, 0 row(s) processed
2026-08-03 07:50:18 INFO SQL [ssp_webapp_disturbances(select)]: SELECT * FROM [utility].[ssp_webapp_disturbances] WHERE date_id = '2026-08-03' AND shift_id = 'night_shift' AND workplace_id IN ('40302009','40302010','40302011','40302012','40302013','40302014','40302015','40302016','40302017','40302018','40302019','40302020','40302021','40302022','40302023','40302024','40302025','40302026','40302027','40302028','40302029')
2026-08-03 07:50:18 INFO SQL [ssp_webapp_disturbances(select)]: 0 row(s) returned
2026-08-03 07:50:18 INFO General Data: Collecting General Data
2026-08-03 07:50:18 INFO SQL [ssp_webapp_input(select)]: SELECT * FROM [DWH].[utility].[ssp_webapp_input] WHERE date_id = '2026-08-03' AND shift_id = 'night_shift' AND line_id = 'CVJ - CVJ'
2026-08-03 07:50:18 INFO SQL [ssp_webapp_input(select)]: 0 row(s) returned
2026-08-03 07:50:18 INFO General Data: No records found for the Selection
2026-08-03 07:50:18 INFO General Data: Loading employee Data
2026-08-03 07:50:18 INFO General Data: Loading Output Data
2026-08-03 07:50:18 INFO General Data: Saving General Data
2026-08-03 07:50:18 INFO WRITE [ssp_webapp_input]: no matching row, inserting new one
2026-08-03 07:50:18 INFO SQL [ssp_webapp_input(reselect)]: SELECT * FROM [DWH].[utility].[ssp_webapp_input] WHERE date_id = '2026-08-03' AND shift_id = 'night_shift' AND line_id = 'CVJ - CVJ'
2026-08-03 07:50:18 INFO SQL [ssp_webapp_input(reselect)]: 1 row(s) returned
2026-08-03 07:51:06 INFO ########## LOADING DATA ###################
2026-08-03 07:51:06 INFO Selection: {'date': datetime.date(2026, 7, 30), 'date_str_de': '30.07.2026', 'shift': 'Night shift', 'shift_id': 'night_shift', 'department': 'OMA', 'line': 'CVJ - CVJ', 'subline': 'CVJ - CVJ', 'workplaces': ['40302009', '40302010', '40302011', '40302012', '40302013', '40302014', '40302015', '40302016', '40302017', '40302018', '40302019', '40302020', '40302021', '40302022', '40302023', '40302024', '40302025', '40302026', '40302027', '40302028', '40302029'], 'workplaces_list': "'40302009','40302010','40302011','40302012','40302013','40302014','40302015','40302016','40302017','40302018','40302019','40302020','40302021','40302022','40302023','40302024','40302025','40302026','40302027','40302028','40302029'"}
2026-08-03 07:51:06 INFO Quantities: Collecting Machine Quantities
2026-08-03 07:51:06 INFO Quantities: Loading Machine Quantities from Forcam API
2026-08-03 07:51:06 INFO API [Forcam-Token]: GET https://force:25443/ffauth/oauth2.0/accessToken?client_id=IT_TEST&client_secret=***&grant_type=client_credentials&scope=read
2026-08-03 07:51:06 INFO API [Quantities]: GET https://force:24443/ffwebservices/customized/v3/ifareports/ssp/?limit=100&formatted=true&timeZoneId=Europe/Warsaw&workplace=12ACD3C91940413EB7D9B4DEDCB412F7&workplace=E6DEB6D0405A49F8999FAED015345E99&workplace=B411223989524E809C4A94FD4790C04A&workplace=766335376CD246449E68D72CA699B349&workplace=02536054C1D94BD18B8EC6DB228F0FF5&workplace=25660671B39D4DE694CFB23123719BDC&workplace=C9791AD2B068474692D24A9FE6861A16&workplace=920371B9911747E089DDA0BA8BBB6CAC&workplace=96D9199D6F45471E8E02A7748E89DC47&workplace=4A536BC95A674FED80E261AB12DC0429&workplace=D283CF5FB972427281915314E2BE73FC&workplace=88B6A40066FA4D27B437167F9BD5A993&workplace=84E6ADFD1719451F995AA16B49CE457A&workplace=8EE688E292B94942AAAF5C79D5E2292A&workplace=D83CEB88A89D4F3D8C94C8EE1B7B6FD2&workplace=08C31AB71725448EAF3A03EB3C02894B&workplace=3808C7030BD141FCA7FF90D29990C513&workplace=B5446A24D05F4704B0A615FEE0EEA5C0&workplace=038D6A3F9EA94C3CAEF3BEBBDF1E91A0&workplace=DDF63585ED4149D4A047EB0F61A1CDDC&workplace=A886E06062CF402DA13777991EC0DA30&timeTimeType=HOUR&timeIncludeCurrent=true&timeStartDate=2026-07-29T22:02:00&timeEndDate=2026-07-30T06:00:00
2026-08-03 07:51:21 INFO API [Quantities]: response total=9
2026-08-03 07:51:21 INFO Quantities: Amount of Events: 9
2026-08-03 07:51:21 INFO Quantities: Saving Data in style: update
2026-08-03 07:51:21 INFO SQL [ssp_webapp_quantities(columns)]: SELECT COLUMN_NAME FROM INFORMATION_SCHEMA.COLUMNS WHERE TABLE_NAME = 'ssp_webapp_quantities'
2026-08-03 07:51:21 INFO SQL [ssp_webapp_quantities(columns)]: 17 row(s) returned
2026-08-03 07:51:21 INFO WRITE [ssp_webapp_quantities]: no matching row for workplace_id=40302011, inserting new one
2026-08-03 07:51:21 INFO WRITE [ssp_webapp_quantities]: no matching row for workplace_id=40302012, inserting new one
2026-08-03 07:51:21 INFO WRITE [ssp_webapp_quantities]: no matching row for workplace_id=40302015, inserting new one
2026-08-03 07:51:21 INFO WRITE [ssp_webapp_quantities]: no matching row for workplace_id=40302016, inserting new one
2026-08-03 07:51:21 INFO WRITE [ssp_webapp_quantities]: no matching row for workplace_id=40302018, inserting new one
2026-08-03 07:51:21 INFO WRITE [ssp_webapp_quantities]: no matching row for workplace_id=40302019, inserting new one
2026-08-03 07:51:22 INFO WRITE [ssp_webapp_quantities]: no matching row for workplace_id=40302021, inserting new one
2026-08-03 07:51:22 INFO WRITE [ssp_webapp_quantities]: no matching row for workplace_id=40302022, inserting new one
2026-08-03 07:51:22 INFO WRITE [ssp_webapp_quantities]: no matching row for workplace_id=40302023, inserting new one
2026-08-03 07:51:22 INFO WRITE [ssp_webapp_quantities]: no matching row for workplace_id=40302024, inserting new one
2026-08-03 07:51:22 INFO WRITE [ssp_webapp_quantities]: no matching row for workplace_id=40302025, inserting new one
2026-08-03 07:51:22 INFO WRITE [ssp_webapp_quantities]: no matching row for workplace_id=40302026, inserting new one
2026-08-03 07:51:22 INFO WRITE [ssp_webapp_quantities]: no matching row for workplace_id=40302027, inserting new one
2026-08-03 07:51:22 INFO WRITE [ssp_webapp_quantities]: no matching row for workplace_id=40302028, inserting new one
2026-08-03 07:51:22 INFO WRITE [ssp_webapp_quantities]: no matching row for workplace_id=40302029, inserting new one
2026-08-03 07:51:22 INFO WRITE [ssp_webapp_quantities]: no matching row for workplace_id=40302009, inserting new one
2026-08-03 07:51:22 INFO WRITE [ssp_webapp_quantities]: no matching row for workplace_id=40302010, inserting new one
2026-08-03 07:51:22 INFO WRITE [ssp_webapp_quantities]: no matching row for workplace_id=40302013, inserting new one
2026-08-03 07:51:22 INFO WRITE [ssp_webapp_quantities]: no matching row for workplace_id=40302014, inserting new one
2026-08-03 07:51:22 INFO WRITE [ssp_webapp_quantities]: no matching row for workplace_id=40302017, inserting new one
2026-08-03 07:51:22 INFO WRITE [ssp_webapp_quantities]: no matching row for workplace_id=40302020, inserting new one
2026-08-03 07:51:22 INFO WRITE [ssp_webapp_quantities]: updated, 21 row(s) processed
2026-08-03 07:51:22 INFO SQL [ssp_webapp_quantities(select)]: SELECT * FROM [DWH].[utility].[ssp_webapp_quantities] WHERE date_id = '2026-07-30' AND shift_id = 'night_shift' AND workplace_id IN ('40302009','40302010','40302011','40302012','40302013','40302014','40302015','40302016','40302017','40302018','40302019','40302020','40302021','40302022','40302023','40302024','40302025','40302026','40302027','40302028','40302029')
2026-08-03 07:51:22 INFO SQL [ssp_webapp_quantities(select)]: 21 row(s) returned
2026-08-03 07:51:22 INFO Disturbance: Collecting Machine Disturbance Data
2026-08-03 07:51:22 INFO Disturbance: Loading Machine Disturbance Data from Forcam API
2026-08-03 07:51:22 INFO API [Forcam-Token]: GET https://force:25443/ffauth/oauth2.0/accessToken?client_id=IT_TEST&client_secret=***&grant_type=client_credentials&scope=read
2026-08-03 07:51:22 INFO API [Disturbance]: GET https://force:24443/ffwebservices/customized/v3/ifareports/operating_state_log/?limit=100&formatted=true&timeZoneId=Europe/Warsaw&workplace=12ACD3C91940413EB7D9B4DEDCB412F7&workplace=E6DEB6D0405A49F8999FAED015345E99&workplace=B411223989524E809C4A94FD4790C04A&workplace=766335376CD246449E68D72CA699B349&workplace=02536054C1D94BD18B8EC6DB228F0FF5&workplace=25660671B39D4DE694CFB23123719BDC&workplace=C9791AD2B068474692D24A9FE6861A16&workplace=920371B9911747E089DDA0BA8BBB6CAC&workplace=96D9199D6F45471E8E02A7748E89DC47&workplace=4A536BC95A674FED80E261AB12DC0429&workplace=D283CF5FB972427281915314E2BE73FC&workplace=88B6A40066FA4D27B437167F9BD5A993&workplace=84E6ADFD1719451F995AA16B49CE457A&workplace=8EE688E292B94942AAAF5C79D5E2292A&workplace=D83CEB88A89D4F3D8C94C8EE1B7B6FD2&workplace=08C31AB71725448EAF3A03EB3C02894B&workplace=3808C7030BD141FCA7FF90D29990C513&workplace=B5446A24D05F4704B0A615FEE0EEA5C0&workplace=038D6A3F9EA94C3CAEF3BEBBDF1E91A0&workplace=DDF63585ED4149D4A047EB0F61A1CDDC&workplace=A886E06062CF402DA13777991EC0DA30&timeType=HOUR&includeCurrent=true&startDate=2026-07-29T22:00:00&endDate=2026-07-30T06:00:00&operationOperatingStatus=8098005&operationOperatingStatus=8098004&operationOperatingStatus=8098007&operationOperatingStatus=8098006&operationOperatingStatus=8098008&operationOperatingStatus=8098023&operationOperatingStatus=179357&operationOperatingStatus=766925901&operationOperatingStatus=8098012&operationOperatingStatus=164353801&operationOperatingStatus=8098011&operationOperatingStatus=179366&operationOperatingStatus=8098013&operationOperatingStatus=8098010&operationOperatingStatus=8098015&operationOperatingStatus=8098014&operationOperatingStatus=8098016&operationOperatingStatus=8098009&operationOperatingStatus=766925902&operationOperatingStatus=164353802&operationOperatingStatus=766925904&operationOperatingStatus=766925903&operationOperatingStatus=8098018&operationOperatingStatus=8098026&operationOperatingStatus=8098019&operationOperatingStatus=8098021&operationOperatingStatus=8098020
2026-08-03 07:51:50 INFO API [Disturbance]: response total=23
2026-08-03 07:51:50 INFO Disturbance: Amount of Events: 23
2026-08-03 07:51:50 INFO Disturbance: Saving Data in style: update
2026-08-03 07:51:50 INFO SQL [ssp_webapp_disturbances(columns)]: SELECT COLUMN_NAME FROM INFORMATION_SCHEMA.COLUMNS WHERE TABLE_NAME = 'ssp_webapp_disturbances'
2026-08-03 07:51:50 INFO SQL [ssp_webapp_disturbances(columns)]: 15 row(s) returned
2026-08-03 07:51:50 INFO WRITE [ssp_webapp_disturbances]: no matching row for workplace_id=40302017, inserting new one
2026-08-03 07:51:50 INFO WRITE [ssp_webapp_disturbances]: updated, 1 row(s) processed
2026-08-03 07:51:50 INFO SQL [ssp_webapp_disturbances(select)]: SELECT * FROM [utility].[ssp_webapp_disturbances] WHERE date_id = '2026-07-30' AND shift_id = 'night_shift' AND workplace_id IN ('40302009','40302010','40302011','40302012','40302013','40302014','40302015','40302016','40302017','40302018','40302019','40302020','40302021','40302022','40302023','40302024','40302025','40302026','40302027','40302028','40302029')
2026-08-03 07:51:50 INFO SQL [ssp_webapp_disturbances(select)]: 1 row(s) returned
2026-08-03 07:51:50 INFO General Data: Collecting General Data
2026-08-03 07:51:50 INFO SQL [ssp_webapp_input(select)]: SELECT * FROM [DWH].[utility].[ssp_webapp_input] WHERE date_id = '2026-07-30' AND shift_id = 'night_shift' AND line_id = 'CVJ - CVJ'
2026-08-03 07:51:50 INFO SQL [ssp_webapp_input(select)]: 0 row(s) returned
2026-08-03 07:51:50 INFO General Data: No records found for the Selection
2026-08-03 07:51:50 INFO General Data: Loading employee Data
2026-08-03 07:51:50 INFO General Data: Loading Output Data
2026-08-03 07:51:50 INFO General Data: Saving General Data
2026-08-03 07:51:50 INFO WRITE [ssp_webapp_input]: no matching row, inserting new one
2026-08-03 07:51:50 INFO SQL [ssp_webapp_input(reselect)]: SELECT * FROM [DWH].[utility].[ssp_webapp_input] WHERE date_id = '2026-07-30' AND shift_id = 'night_shift' AND line_id = 'CVJ - CVJ'
2026-08-03 07:51:50 INFO SQL [ssp_webapp_input(reselect)]: 1 row(s) returned
2026-08-03 08:31:53 INFO SQL [hierarchy]: SELECT DISTINCT department, line_id + ' - ' + line_name AS line_id, subline_id + ' - ' + subline_name AS subline_id FROM [DWH].[dim].[workplace] WHERE department IS NOT NULL AND plant = 'UjaP'
2026-08-03 08:31:53 INFO SQL [hierarchy]: 1 row(s) returned
2026-08-03 08:31:53 INFO SQL [workplace_mapping]: SELECT DISTINCT workplace_id, line_id + ' - ' + line_name AS line_id, subline_id + ' - ' + subline_name AS subline_id FROM [DWH].[dim].[workplace] WHERE department IS NOT NULL AND plant = 'UjaP'
2026-08-03 08:31:53 INFO SQL [workplace_mapping]: 21 row(s) returned
2026-08-03 08:33:07 INFO ########## LOADING DATA ###################
2026-08-03 08:33:07 INFO Selection: {'date': datetime.date(2026, 8, 3), 'date_str_de': '03.08.2026', 'shift': 'Morning shift', 'shift_id': 'early_shift', 'department': 'OMA', 'line': 'CVJ - CVJ', 'subline': 'CVJ - CVJ', 'workplaces': ['40302009', '40302010', '40302011', '40302012', '40302013', '40302014', '40302015', '40302016', '40302017', '40302018', '40302019', '40302020', '40302021', '40302022', '40302023', '40302024', '40302025', '40302026', '40302027', '40302028', '40302029'], 'workplaces_list': "'40302009','40302010','40302011','40302012','40302013','40302014','40302015','40302016','40302017','40302018','40302019','40302020','40302021','40302022','40302023','40302024','40302025','40302026','40302027','40302028','40302029'"}
2026-08-03 08:33:07 INFO Quantities: Collecting Machine Quantities
2026-08-03 08:33:07 INFO Quantities: Loading Machine Quantities from Forcam API
2026-08-03 08:33:07 INFO SQL [forcam_uuid_map]: SELECT DISTINCT workplace_ifa_id, workplace_forcam_uuid FROM [DWH].[dim].[forcam_hierarchy]
2026-08-03 08:33:07 INFO SQL [forcam_uuid_map]: 698 row(s) returned
2026-08-03 08:33:07 INFO API [Forcam-Token]: GET https://force:25443/ffauth/oauth2.0/accessToken?client_id=IT_TEST&client_secret=***&grant_type=client_credentials&scope=read
2026-08-03 08:33:07 INFO API [Quantities]: GET https://force:24443/ffwebservices/customized/v3/ifareports/ssp/?limit=100&formatted=true&timeZoneId=Europe/Warsaw&workplace=12ACD3C91940413EB7D9B4DEDCB412F7&workplace=E6DEB6D0405A49F8999FAED015345E99&workplace=B411223989524E809C4A94FD4790C04A&workplace=766335376CD246449E68D72CA699B349&workplace=02536054C1D94BD18B8EC6DB228F0FF5&workplace=25660671B39D4DE694CFB23123719BDC&workplace=C9791AD2B068474692D24A9FE6861A16&workplace=920371B9911747E089DDA0BA8BBB6CAC&workplace=96D9199D6F45471E8E02A7748E89DC47&workplace=4A536BC95A674FED80E261AB12DC0429&workplace=D283CF5FB972427281915314E2BE73FC&workplace=88B6A40066FA4D27B437167F9BD5A993&workplace=84E6ADFD1719451F995AA16B49CE457A&workplace=8EE688E292B94942AAAF5C79D5E2292A&workplace=D83CEB88A89D4F3D8C94C8EE1B7B6FD2&workplace=08C31AB71725448EAF3A03EB3C02894B&workplace=3808C7030BD141FCA7FF90D29990C513&workplace=B5446A24D05F4704B0A615FEE0EEA5C0&workplace=038D6A3F9EA94C3CAEF3BEBBDF1E91A0&workplace=DDF63585ED4149D4A047EB0F61A1CDDC&workplace=A886E06062CF402DA13777991EC0DA30&timeTimeType=HOUR&timeIncludeCurrent=true&timeStartDate=2026-08-03T06:00:00&timeEndDate=2026-08-03T14:00:00
2026-08-03 08:33:09 INFO API [Quantities]: response total=4
2026-08-03 08:33:09 INFO Quantities: Amount of Events: 4
2026-08-03 08:33:09 INFO Quantities: Saving Data in style: update
2026-08-03 08:33:09 INFO SQL [ssp_webapp_quantities(columns)]: SELECT COLUMN_NAME FROM INFORMATION_SCHEMA.COLUMNS WHERE TABLE_NAME = 'ssp_webapp_quantities'
2026-08-03 08:33:09 INFO SQL [ssp_webapp_quantities(columns)]: 17 row(s) returned
2026-08-03 08:33:10 INFO WRITE [ssp_webapp_quantities]: no matching row for workplace_id=40302011, inserting new one
2026-08-03 08:33:10 INFO WRITE [ssp_webapp_quantities]: no matching row for workplace_id=40302012, inserting new one
2026-08-03 08:33:10 INFO WRITE [ssp_webapp_quantities]: no matching row for workplace_id=40302013, inserting new one
2026-08-03 08:33:10 INFO WRITE [ssp_webapp_quantities]: no matching row for workplace_id=40302015, inserting new one
2026-08-03 08:33:10 INFO WRITE [ssp_webapp_quantities]: no matching row for workplace_id=40302017, inserting new one
2026-08-03 08:33:10 INFO WRITE [ssp_webapp_quantities]: no matching row for workplace_id=40302018, inserting new one
2026-08-03 08:33:10 INFO WRITE [ssp_webapp_quantities]: no matching row for workplace_id=40302019, inserting new one
2026-08-03 08:33:10 INFO WRITE [ssp_webapp_quantities]: no matching row for workplace_id=40302020, inserting new one
2026-08-03 08:33:10 INFO WRITE [ssp_webapp_quantities]: no matching row for workplace_id=40302021, inserting new one
2026-08-03 08:33:10 INFO WRITE [ssp_webapp_quantities]: no matching row for workplace_id=40302022, inserting new one
2026-08-03 08:33:10 INFO WRITE [ssp_webapp_quantities]: no matching row for workplace_id=40302023, inserting new one
2026-08-03 08:33:10 INFO WRITE [ssp_webapp_quantities]: no matching row for workplace_id=40302024, inserting new one
2026-08-03 08:33:10 INFO WRITE [ssp_webapp_quantities]: no matching row for workplace_id=40302025, inserting new one
2026-08-03 08:33:10 INFO WRITE [ssp_webapp_quantities]: no matching row for workplace_id=40302026, inserting new one
2026-08-03 08:33:10 INFO WRITE [ssp_webapp_quantities]: no matching row for workplace_id=40302027, inserting new one
2026-08-03 08:33:10 INFO WRITE [ssp_webapp_quantities]: no matching row for workplace_id=40302028, inserting new one
2026-08-03 08:33:10 INFO WRITE [ssp_webapp_quantities]: no matching row for workplace_id=40302029, inserting new one
2026-08-03 08:33:10 INFO WRITE [ssp_webapp_quantities]: no matching row for workplace_id=40302009, inserting new one
2026-08-03 08:33:10 INFO WRITE [ssp_webapp_quantities]: no matching row for workplace_id=40302010, inserting new one
2026-08-03 08:33:10 INFO WRITE [ssp_webapp_quantities]: no matching row for workplace_id=40302014, inserting new one
2026-08-03 08:33:10 INFO WRITE [ssp_webapp_quantities]: no matching row for workplace_id=40302016, inserting new one
2026-08-03 08:33:10 INFO WRITE [ssp_webapp_quantities]: updated, 21 row(s) processed
2026-08-03 08:33:10 INFO SQL [ssp_webapp_quantities(select)]: SELECT * FROM [DWH].[utility].[ssp_webapp_quantities] WHERE date_id = '2026-08-03' AND shift_id = 'early_shift' AND workplace_id IN ('40302009','40302010','40302011','40302012','40302013','40302014','40302015','40302016','40302017','40302018','40302019','40302020','40302021','40302022','40302023','40302024','40302025','40302026','40302027','40302028','40302029')
2026-08-03 08:33:10 INFO SQL [ssp_webapp_quantities(select)]: 21 row(s) returned
2026-08-03 08:33:10 INFO SQL [wpl_info]: SELECT workplace_id, process, machine_name, output_relevant, line_name FROM [DWH].[dim].[workplace] WHERE plant = 'UjaP' AND (process != 'mes-logout' OR process IS NULL) AND line_name NOT IN ('')
2026-08-03 08:33:10 INFO SQL [wpl_info]: 21 row(s) returned
2026-08-03 08:33:10 INFO Disturbance: Collecting Machine Disturbance Data
2026-08-03 08:33:10 INFO Disturbance: Loading Machine Disturbance Data from Forcam API
2026-08-03 08:33:10 INFO API [Forcam-Token]: GET https://force:25443/ffauth/oauth2.0/accessToken?client_id=IT_TEST&client_secret=***&grant_type=client_credentials&scope=read
2026-08-03 08:33:10 INFO API [Disturbance]: GET https://force:24443/ffwebservices/customized/v3/ifareports/operating_state_log/?limit=100&formatted=true&timeZoneId=Europe/Warsaw&workplace=12ACD3C91940413EB7D9B4DEDCB412F7&workplace=E6DEB6D0405A49F8999FAED015345E99&workplace=B411223989524E809C4A94FD4790C04A&workplace=766335376CD246449E68D72CA699B349&workplace=02536054C1D94BD18B8EC6DB228F0FF5&workplace=25660671B39D4DE694CFB23123719BDC&workplace=C9791AD2B068474692D24A9FE6861A16&workplace=920371B9911747E089DDA0BA8BBB6CAC&workplace=96D9199D6F45471E8E02A7748E89DC47&workplace=4A536BC95A674FED80E261AB12DC0429&workplace=D283CF5FB972427281915314E2BE73FC&workplace=88B6A40066FA4D27B437167F9BD5A993&workplace=84E6ADFD1719451F995AA16B49CE457A&workplace=8EE688E292B94942AAAF5C79D5E2292A&workplace=D83CEB88A89D4F3D8C94C8EE1B7B6FD2&workplace=08C31AB71725448EAF3A03EB3C02894B&workplace=3808C7030BD141FCA7FF90D29990C513&workplace=B5446A24D05F4704B0A615FEE0EEA5C0&workplace=038D6A3F9EA94C3CAEF3BEBBDF1E91A0&workplace=DDF63585ED4149D4A047EB0F61A1CDDC&workplace=A886E06062CF402DA13777991EC0DA30&timeType=HOUR&includeCurrent=true&startDate=2026-08-03T06:00:00&endDate=2026-08-03T14:00:00&operationOperatingStatus=8098005&operationOperatingStatus=8098004&operationOperatingStatus=8098007&operationOperatingStatus=8098006&operationOperatingStatus=8098008&operationOperatingStatus=8098023&operationOperatingStatus=179357&operationOperatingStatus=766925901&operationOperatingStatus=8098012&operationOperatingStatus=164353801&operationOperatingStatus=8098011&operationOperatingStatus=179366&operationOperatingStatus=8098013&operationOperatingStatus=8098010&operationOperatingStatus=8098015&operationOperatingStatus=8098014&operationOperatingStatus=8098016&operationOperatingStatus=8098009&operationOperatingStatus=766925902&operationOperatingStatus=164353802&operationOperatingStatus=766925904&operationOperatingStatus=766925903&operationOperatingStatus=8098018&operationOperatingStatus=8098026&operationOperatingStatus=8098019&operationOperatingStatus=8098021&operationOperatingStatus=8098020
2026-08-03 08:33:14 INFO API [Disturbance]: response total=8
2026-08-03 08:33:14 INFO Disturbance: Amount of Events: 8
2026-08-03 08:33:14 INFO SQL [operating_state_codes]: SELECT DISTINCT code, title_en AS title, color FROM [DWH].[dim].[forcam_operating_state_codes_polska]
2026-08-03 08:33:14 INFO SQL [operating_state_codes]: 54 row(s) returned
2026-08-03 08:33:14 INFO Disturbance: Saving Data in style: update
2026-08-03 08:33:14 INFO SQL [ssp_webapp_disturbances(columns)]: SELECT COLUMN_NAME FROM INFORMATION_SCHEMA.COLUMNS WHERE TABLE_NAME = 'ssp_webapp_disturbances'
2026-08-03 08:33:14 INFO SQL [ssp_webapp_disturbances(columns)]: 15 row(s) returned
2026-08-03 08:33:14 INFO WRITE [ssp_webapp_disturbances]: updated, 0 row(s) processed
2026-08-03 08:33:14 INFO SQL [ssp_webapp_disturbances(select)]: SELECT * FROM [utility].[ssp_webapp_disturbances] WHERE date_id = '2026-08-03' AND shift_id = 'early_shift' AND workplace_id IN ('40302009','40302010','40302011','40302012','40302013','40302014','40302015','40302016','40302017','40302018','40302019','40302020','40302021','40302022','40302023','40302024','40302025','40302026','40302027','40302028','40302029')
2026-08-03 08:33:14 INFO SQL [ssp_webapp_disturbances(select)]: 0 row(s) returned
2026-08-03 08:33:14 INFO General Data: Collecting General Data
2026-08-03 08:33:14 INFO SQL [ssp_webapp_input(select)]: SELECT * FROM [DWH].[utility].[ssp_webapp_input] WHERE date_id = '2026-08-03' AND shift_id = 'early_shift' AND line_id = 'CVJ - CVJ'
2026-08-03 08:33:14 INFO SQL [ssp_webapp_input(select)]: 0 row(s) returned
2026-08-03 08:33:14 INFO General Data: No records found for the Selection
2026-08-03 08:33:14 INFO General Data: Loading employee Data
2026-08-03 08:33:14 INFO General Data: Loading Output Data
2026-08-03 08:33:14 INFO General Data: Saving General Data
2026-08-03 08:33:14 INFO WRITE [ssp_webapp_input]: no matching row, inserting new one
2026-08-03 08:33:14 INFO SQL [ssp_webapp_input(reselect)]: SELECT * FROM [DWH].[utility].[ssp_webapp_input] WHERE date_id = '2026-08-03' AND shift_id = 'early_shift' AND line_id = 'CVJ - CVJ'
2026-08-03 08:33:14 INFO SQL [ssp_webapp_input(reselect)]: 1 row(s) returned
2026-08-03 08:34:40 INFO ########## LOADING DATA ###################
2026-08-03 08:34:40 INFO Selection: {'date': datetime.date(2026, 7, 29), 'date_str_de': '29.07.2026', 'shift': 'Morning shift', 'shift_id': 'early_shift', 'department': 'OMA', 'line': 'CVJ - CVJ', 'subline': 'CVJ - CVJ', 'workplaces': ['40302009', '40302010', '40302011', '40302012', '40302013', '40302014', '40302015', '40302016', '40302017', '40302018', '40302019', '40302020', '40302021', '40302022', '40302023', '40302024', '40302025', '40302026', '40302027', '40302028', '40302029'], 'workplaces_list': "'40302009','40302010','40302011','40302012','40302013','40302014','40302015','40302016','40302017','40302018','40302019','40302020','40302021','40302022','40302023','40302024','40302025','40302026','40302027','40302028','40302029'"}
2026-08-03 08:34:40 INFO Quantities: Collecting Machine Quantities
2026-08-03 08:34:40 INFO Quantities: Loading Machine Quantities from Forcam API
2026-08-03 08:34:40 INFO API [Forcam-Token]: GET https://force:25443/ffauth/oauth2.0/accessToken?client_id=IT_TEST&client_secret=***&grant_type=client_credentials&scope=read
2026-08-03 08:34:40 INFO API [Quantities]: GET https://force:24443/ffwebservices/customized/v3/ifareports/ssp/?limit=100&formatted=true&timeZoneId=Europe/Warsaw&workplace=12ACD3C91940413EB7D9B4DEDCB412F7&workplace=E6DEB6D0405A49F8999FAED015345E99&workplace=B411223989524E809C4A94FD4790C04A&workplace=766335376CD246449E68D72CA699B349&workplace=02536054C1D94BD18B8EC6DB228F0FF5&workplace=25660671B39D4DE694CFB23123719BDC&workplace=C9791AD2B068474692D24A9FE6861A16&workplace=920371B9911747E089DDA0BA8BBB6CAC&workplace=96D9199D6F45471E8E02A7748E89DC47&workplace=4A536BC95A674FED80E261AB12DC0429&workplace=D283CF5FB972427281915314E2BE73FC&workplace=88B6A40066FA4D27B437167F9BD5A993&workplace=84E6ADFD1719451F995AA16B49CE457A&workplace=8EE688E292B94942AAAF5C79D5E2292A&workplace=D83CEB88A89D4F3D8C94C8EE1B7B6FD2&workplace=08C31AB71725448EAF3A03EB3C02894B&workplace=3808C7030BD141FCA7FF90D29990C513&workplace=B5446A24D05F4704B0A615FEE0EEA5C0&workplace=038D6A3F9EA94C3CAEF3BEBBDF1E91A0&workplace=DDF63585ED4149D4A047EB0F61A1CDDC&workplace=A886E06062CF402DA13777991EC0DA30&timeTimeType=HOUR&timeIncludeCurrent=true&timeStartDate=2026-07-29T06:00:00&timeEndDate=2026-07-29T14:00:00
2026-08-03 08:34:42 INFO API [Quantities]: response total=9
2026-08-03 08:34:42 INFO Quantities: Amount of Events: 9
2026-08-03 08:34:42 INFO Quantities: Saving Data in style: update
2026-08-03 08:34:42 INFO SQL [ssp_webapp_quantities(columns)]: SELECT COLUMN_NAME FROM INFORMATION_SCHEMA.COLUMNS WHERE TABLE_NAME = 'ssp_webapp_quantities'
2026-08-03 08:34:42 INFO SQL [ssp_webapp_quantities(columns)]: 17 row(s) returned
2026-08-03 08:34:43 INFO WRITE [ssp_webapp_quantities]: updated, 21 row(s) processed
2026-08-03 08:34:43 INFO SQL [ssp_webapp_quantities(select)]: SELECT * FROM [DWH].[utility].[ssp_webapp_quantities] WHERE date_id = '2026-07-29' AND shift_id = 'early_shift' AND workplace_id IN ('40302009','40302010','40302011','40302012','40302013','40302014','40302015','40302016','40302017','40302018','40302019','40302020','40302021','40302022','40302023','40302024','40302025','40302026','40302027','40302028','40302029')
2026-08-03 08:34:43 INFO SQL [ssp_webapp_quantities(select)]: 21 row(s) returned
2026-08-03 08:34:43 INFO Disturbance: Collecting Machine Disturbance Data
2026-08-03 08:34:43 INFO Disturbance: Loading Machine Disturbance Data from Forcam API
2026-08-03 08:34:43 INFO API [Forcam-Token]: GET https://force:25443/ffauth/oauth2.0/accessToken?client_id=IT_TEST&client_secret=***&grant_type=client_credentials&scope=read
2026-08-03 08:34:43 INFO API [Disturbance]: GET https://force:24443/ffwebservices/customized/v3/ifareports/operating_state_log/?limit=100&formatted=true&timeZoneId=Europe/Warsaw&workplace=12ACD3C91940413EB7D9B4DEDCB412F7&workplace=E6DEB6D0405A49F8999FAED015345E99&workplace=B411223989524E809C4A94FD4790C04A&workplace=766335376CD246449E68D72CA699B349&workplace=02536054C1D94BD18B8EC6DB228F0FF5&workplace=25660671B39D4DE694CFB23123719BDC&workplace=C9791AD2B068474692D24A9FE6861A16&workplace=920371B9911747E089DDA0BA8BBB6CAC&workplace=96D9199D6F45471E8E02A7748E89DC47&workplace=4A536BC95A674FED80E261AB12DC0429&workplace=D283CF5FB972427281915314E2BE73FC&workplace=88B6A40066FA4D27B437167F9BD5A993&workplace=84E6ADFD1719451F995AA16B49CE457A&workplace=8EE688E292B94942AAAF5C79D5E2292A&workplace=D83CEB88A89D4F3D8C94C8EE1B7B6FD2&workplace=08C31AB71725448EAF3A03EB3C02894B&workplace=3808C7030BD141FCA7FF90D29990C513&workplace=B5446A24D05F4704B0A615FEE0EEA5C0&workplace=038D6A3F9EA94C3CAEF3BEBBDF1E91A0&workplace=DDF63585ED4149D4A047EB0F61A1CDDC&workplace=A886E06062CF402DA13777991EC0DA30&timeType=HOUR&includeCurrent=true&startDate=2026-07-29T06:00:00&endDate=2026-07-29T14:00:00&operationOperatingStatus=8098005&operationOperatingStatus=8098004&operationOperatingStatus=8098007&operationOperatingStatus=8098006&operationOperatingStatus=8098008&operationOperatingStatus=8098023&operationOperatingStatus=179357&operationOperatingStatus=766925901&operationOperatingStatus=8098012&operationOperatingStatus=164353801&operationOperatingStatus=8098011&operationOperatingStatus=179366&operationOperatingStatus=8098013&operationOperatingStatus=8098010&operationOperatingStatus=8098015&operationOperatingStatus=8098014&operationOperatingStatus=8098016&operationOperatingStatus=8098009&operationOperatingStatus=766925902&operationOperatingStatus=164353802&operationOperatingStatus=766925904&operationOperatingStatus=766925903&operationOperatingStatus=8098018&operationOperatingStatus=8098026&operationOperatingStatus=8098019&operationOperatingStatus=8098021&operationOperatingStatus=8098020
2026-08-03 08:34:47 INFO API [Disturbance]: response total=29
2026-08-03 08:34:47 INFO Disturbance: Amount of Events: 29
2026-08-03 08:34:47 INFO Disturbance: Saving Data in style: update
2026-08-03 08:34:47 INFO SQL [ssp_webapp_disturbances(columns)]: SELECT COLUMN_NAME FROM INFORMATION_SCHEMA.COLUMNS WHERE TABLE_NAME = 'ssp_webapp_disturbances'
2026-08-03 08:34:47 INFO SQL [ssp_webapp_disturbances(columns)]: 15 row(s) returned
2026-08-03 08:34:47 INFO WRITE [ssp_webapp_disturbances]: updated, 3 row(s) processed
2026-08-03 08:34:47 INFO SQL [ssp_webapp_disturbances(select)]: SELECT * FROM [utility].[ssp_webapp_disturbances] WHERE date_id = '2026-07-29' AND shift_id = 'early_shift' AND workplace_id IN ('40302009','40302010','40302011','40302012','40302013','40302014','40302015','40302016','40302017','40302018','40302019','40302020','40302021','40302022','40302023','40302024','40302025','40302026','40302027','40302028','40302029')
2026-08-03 08:34:47 INFO SQL [ssp_webapp_disturbances(select)]: 3 row(s) returned
2026-08-03 08:34:47 INFO General Data: Collecting General Data
2026-08-03 08:34:47 INFO SQL [ssp_webapp_input(select)]: SELECT * FROM [DWH].[utility].[ssp_webapp_input] WHERE date_id = '2026-07-29' AND shift_id = 'early_shift' AND line_id = 'CVJ - CVJ'
2026-08-03 08:34:47 INFO SQL [ssp_webapp_input(select)]: 1 row(s) returned
2026-08-03 08:34:47 INFO General Data: Found existing records for the Selection
2026-08-03 08:34:47 INFO General Data: Loading employee Data
2026-08-03 08:34:47 INFO General Data: Loading Output Data
2026-08-03 08:34:47 INFO General Data: Saving General Data
2026-08-03 08:34:47 INFO WRITE [ssp_webapp_input]: row updated
2026-08-03 08:34:47 INFO SQL [ssp_webapp_input(reselect)]: SELECT * FROM [DWH].[utility].[ssp_webapp_input] WHERE date_id = '2026-07-29' AND shift_id = 'early_shift' AND line_id = 'CVJ - CVJ'
2026-08-03 08:34:47 INFO SQL [ssp_webapp_input(reselect)]: 1 row(s) returned
2026-08-03 08:35:53 INFO ########## LOADING DATA ###################
2026-08-03 08:35:53 INFO Selection: {'date': datetime.date(2026, 8, 3), 'date_str_de': '03.08.2026', 'shift': 'Morning shift', 'shift_id': 'early_shift', 'department': 'OMA', 'line': 'CVJ - CVJ', 'subline': 'CVJ - CVJ', 'workplaces': ['40302009', '40302010', '40302011', '40302012', '40302013', '40302014', '40302015', '40302016', '40302017', '40302018', '40302019', '40302020', '40302021', '40302022', '40302023', '40302024', '40302025', '40302026', '40302027', '40302028', '40302029'], 'workplaces_list': "'40302009','40302010','40302011','40302012','40302013','40302014','40302015','40302016','40302017','40302018','40302019','40302020','40302021','40302022','40302023','40302024','40302025','40302026','40302027','40302028','40302029'"}
2026-08-03 08:35:53 INFO Quantities: Collecting Machine Quantities
2026-08-03 08:35:53 INFO Quantities: Loading Machine Quantities from Forcam API
2026-08-03 08:35:54 INFO API [Forcam-Token]: GET https://force:25443/ffauth/oauth2.0/accessToken?client_id=IT_TEST&client_secret=***&grant_type=client_credentials&scope=read
2026-08-03 08:35:54 INFO API [Quantities]: GET https://force:24443/ffwebservices/customized/v3/ifareports/ssp/?limit=100&formatted=true&timeZoneId=Europe/Warsaw&workplace=12ACD3C91940413EB7D9B4DEDCB412F7&workplace=E6DEB6D0405A49F8999FAED015345E99&workplace=B411223989524E809C4A94FD4790C04A&workplace=766335376CD246449E68D72CA699B349&workplace=02536054C1D94BD18B8EC6DB228F0FF5&workplace=25660671B39D4DE694CFB23123719BDC&workplace=C9791AD2B068474692D24A9FE6861A16&workplace=920371B9911747E089DDA0BA8BBB6CAC&workplace=96D9199D6F45471E8E02A7748E89DC47&workplace=4A536BC95A674FED80E261AB12DC0429&workplace=D283CF5FB972427281915314E2BE73FC&workplace=88B6A40066FA4D27B437167F9BD5A993&workplace=84E6ADFD1719451F995AA16B49CE457A&workplace=8EE688E292B94942AAAF5C79D5E2292A&workplace=D83CEB88A89D4F3D8C94C8EE1B7B6FD2&workplace=08C31AB71725448EAF3A03EB3C02894B&workplace=3808C7030BD141FCA7FF90D29990C513&workplace=B5446A24D05F4704B0A615FEE0EEA5C0&workplace=038D6A3F9EA94C3CAEF3BEBBDF1E91A0&workplace=DDF63585ED4149D4A047EB0F61A1CDDC&workplace=A886E06062CF402DA13777991EC0DA30&timeTimeType=HOUR&timeIncludeCurrent=true&timeStartDate=2026-08-03T06:00:00&timeEndDate=2026-08-03T14:00:00
2026-08-03 08:35:55 INFO API [Quantities]: response total=4
2026-08-03 08:35:55 INFO Quantities: Amount of Events: 4
2026-08-03 08:35:55 INFO Quantities: Saving Data in style: update
2026-08-03 08:35:55 INFO SQL [ssp_webapp_quantities(columns)]: SELECT COLUMN_NAME FROM INFORMATION_SCHEMA.COLUMNS WHERE TABLE_NAME = 'ssp_webapp_quantities'
2026-08-03 08:35:55 INFO SQL [ssp_webapp_quantities(columns)]: 17 row(s) returned
2026-08-03 08:35:56 INFO WRITE [ssp_webapp_quantities]: updated, 21 row(s) processed
2026-08-03 08:35:56 INFO SQL [ssp_webapp_quantities(select)]: SELECT * FROM [DWH].[utility].[ssp_webapp_quantities] WHERE date_id = '2026-08-03' AND shift_id = 'early_shift' AND workplace_id IN ('40302009','40302010','40302011','40302012','40302013','40302014','40302015','40302016','40302017','40302018','40302019','40302020','40302021','40302022','40302023','40302024','40302025','40302026','40302027','40302028','40302029')
2026-08-03 08:35:56 INFO SQL [ssp_webapp_quantities(select)]: 21 row(s) returned
2026-08-03 08:35:56 INFO Disturbance: Collecting Machine Disturbance Data
2026-08-03 08:35:56 INFO Disturbance: Loading Machine Disturbance Data from Forcam API
2026-08-03 08:35:56 INFO API [Forcam-Token]: GET https://force:25443/ffauth/oauth2.0/accessToken?client_id=IT_TEST&client_secret=***&grant_type=client_credentials&scope=read
2026-08-03 08:35:56 INFO API [Disturbance]: GET https://force:24443/ffwebservices/customized/v3/ifareports/operating_state_log/?limit=100&formatted=true&timeZoneId=Europe/Warsaw&workplace=12ACD3C91940413EB7D9B4DEDCB412F7&workplace=E6DEB6D0405A49F8999FAED015345E99&workplace=B411223989524E809C4A94FD4790C04A&workplace=766335376CD246449E68D72CA699B349&workplace=02536054C1D94BD18B8EC6DB228F0FF5&workplace=25660671B39D4DE694CFB23123719BDC&workplace=C9791AD2B068474692D24A9FE6861A16&workplace=920371B9911747E089DDA0BA8BBB6CAC&workplace=96D9199D6F45471E8E02A7748E89DC47&workplace=4A536BC95A674FED80E261AB12DC0429&workplace=D283CF5FB972427281915314E2BE73FC&workplace=88B6A40066FA4D27B437167F9BD5A993&workplace=84E6ADFD1719451F995AA16B49CE457A&workplace=8EE688E292B94942AAAF5C79D5E2292A&workplace=D83CEB88A89D4F3D8C94C8EE1B7B6FD2&workplace=08C31AB71725448EAF3A03EB3C02894B&workplace=3808C7030BD141FCA7FF90D29990C513&workplace=B5446A24D05F4704B0A615FEE0EEA5C0&workplace=038D6A3F9EA94C3CAEF3BEBBDF1E91A0&workplace=DDF63585ED4149D4A047EB0F61A1CDDC&workplace=A886E06062CF402DA13777991EC0DA30&timeType=HOUR&includeCurrent=true&startDate=2026-08-03T06:00:00&endDate=2026-08-03T14:00:00&operationOperatingStatus=8098005&operationOperatingStatus=8098004&operationOperatingStatus=8098007&operationOperatingStatus=8098006&operationOperatingStatus=8098008&operationOperatingStatus=8098023&operationOperatingStatus=179357&operationOperatingStatus=766925901&operationOperatingStatus=8098012&operationOperatingStatus=164353801&operationOperatingStatus=8098011&operationOperatingStatus=179366&operationOperatingStatus=8098013&operationOperatingStatus=8098010&operationOperatingStatus=8098015&operationOperatingStatus=8098014&operationOperatingStatus=8098016&operationOperatingStatus=8098009&operationOperatingStatus=766925902&operationOperatingStatus=164353802&operationOperatingStatus=766925904&operationOperatingStatus=766925903&operationOperatingStatus=8098018&operationOperatingStatus=8098026&operationOperatingStatus=8098019&operationOperatingStatus=8098021&operationOperatingStatus=8098020
2026-08-03 08:36:00 INFO API [Disturbance]: response total=8
2026-08-03 08:36:00 INFO Disturbance: Amount of Events: 8
2026-08-03 08:36:00 INFO Disturbance: Saving Data in style: update
2026-08-03 08:36:00 INFO SQL [ssp_webapp_disturbances(columns)]: SELECT COLUMN_NAME FROM INFORMATION_SCHEMA.COLUMNS WHERE TABLE_NAME = 'ssp_webapp_disturbances'
2026-08-03 08:36:00 INFO SQL [ssp_webapp_disturbances(columns)]: 15 row(s) returned
2026-08-03 08:36:00 INFO WRITE [ssp_webapp_disturbances]: updated, 0 row(s) processed
2026-08-03 08:36:00 INFO SQL [ssp_webapp_disturbances(select)]: SELECT * FROM [utility].[ssp_webapp_disturbances] WHERE date_id = '2026-08-03' AND shift_id = 'early_shift' AND workplace_id IN ('40302009','40302010','40302011','40302012','40302013','40302014','40302015','40302016','40302017','40302018','40302019','40302020','40302021','40302022','40302023','40302024','40302025','40302026','40302027','40302028','40302029')
2026-08-03 08:36:00 INFO SQL [ssp_webapp_disturbances(select)]: 0 row(s) returned
2026-08-03 08:36:00 INFO General Data: Collecting General Data
2026-08-03 08:36:00 INFO SQL [ssp_webapp_input(select)]: SELECT * FROM [DWH].[utility].[ssp_webapp_input] WHERE date_id = '2026-08-03' AND shift_id = 'early_shift' AND line_id = 'CVJ - CVJ'
2026-08-03 08:36:00 INFO SQL [ssp_webapp_input(select)]: 1 row(s) returned
2026-08-03 08:36:00 INFO General Data: Found existing records for the Selection
2026-08-03 08:36:00 INFO General Data: Loading employee Data
2026-08-03 08:36:00 INFO General Data: Loading Output Data
2026-08-03 08:36:00 INFO General Data: Saving General Data
2026-08-03 08:36:00 INFO WRITE [ssp_webapp_input]: row updated
2026-08-03 08:36:00 INFO SQL [ssp_webapp_input(reselect)]: SELECT * FROM [DWH].[utility].[ssp_webapp_input] WHERE date_id = '2026-08-03' AND shift_id = 'early_shift' AND line_id = 'CVJ - CVJ'
2026-08-03 08:36:00 INFO SQL [ssp_webapp_input(reselect)]: 1 row(s) returned
2026-08-03 08:36:24 INFO ########## LOADING DATA ###################
2026-08-03 08:36:24 INFO Selection: {'date': datetime.date(2026, 8, 3), 'date_str_de': '03.08.2026', 'shift': 'Night shift', 'shift_id': 'night_shift', 'department': 'OMA', 'line': 'CVJ - CVJ', 'subline': 'CVJ - CVJ', 'workplaces': ['40302009', '40302010', '40302011', '40302012', '40302013', '40302014', '40302015', '40302016', '40302017', '40302018', '40302019', '40302020', '40302021', '40302022', '40302023', '40302024', '40302025', '40302026', '40302027', '40302028', '40302029'], 'workplaces_list': "'40302009','40302010','40302011','40302012','40302013','40302014','40302015','40302016','40302017','40302018','40302019','40302020','40302021','40302022','40302023','40302024','40302025','40302026','40302027','40302028','40302029'"}
2026-08-03 08:36:24 INFO Quantities: Collecting Machine Quantities
2026-08-03 08:36:24 INFO Quantities: Loading Machine Quantities from Forcam API
2026-08-03 08:36:24 INFO API [Forcam-Token]: GET https://force:25443/ffauth/oauth2.0/accessToken?client_id=IT_TEST&client_secret=***&grant_type=client_credentials&scope=read
2026-08-03 08:36:24 INFO API [Quantities]: GET https://force:24443/ffwebservices/customized/v3/ifareports/ssp/?limit=100&formatted=true&timeZoneId=Europe/Warsaw&workplace=12ACD3C91940413EB7D9B4DEDCB412F7&workplace=E6DEB6D0405A49F8999FAED015345E99&workplace=B411223989524E809C4A94FD4790C04A&workplace=766335376CD246449E68D72CA699B349&workplace=02536054C1D94BD18B8EC6DB228F0FF5&workplace=25660671B39D4DE694CFB23123719BDC&workplace=C9791AD2B068474692D24A9FE6861A16&workplace=920371B9911747E089DDA0BA8BBB6CAC&workplace=96D9199D6F45471E8E02A7748E89DC47&workplace=4A536BC95A674FED80E261AB12DC0429&workplace=D283CF5FB972427281915314E2BE73FC&workplace=88B6A40066FA4D27B437167F9BD5A993&workplace=84E6ADFD1719451F995AA16B49CE457A&workplace=8EE688E292B94942AAAF5C79D5E2292A&workplace=D83CEB88A89D4F3D8C94C8EE1B7B6FD2&workplace=08C31AB71725448EAF3A03EB3C02894B&workplace=3808C7030BD141FCA7FF90D29990C513&workplace=B5446A24D05F4704B0A615FEE0EEA5C0&workplace=038D6A3F9EA94C3CAEF3BEBBDF1E91A0&workplace=DDF63585ED4149D4A047EB0F61A1CDDC&workplace=A886E06062CF402DA13777991EC0DA30&timeTimeType=HOUR&timeIncludeCurrent=true&timeStartDate=2026-08-02T22:02:00&timeEndDate=2026-08-03T06:00:00
2026-08-03 08:36:26 INFO API [Quantities]: response total=2
2026-08-03 08:36:26 INFO Quantities: Amount of Events: 2
2026-08-03 08:36:26 INFO Quantities: Saving Data in style: update
2026-08-03 08:36:26 INFO SQL [ssp_webapp_quantities(columns)]: SELECT COLUMN_NAME FROM INFORMATION_SCHEMA.COLUMNS WHERE TABLE_NAME = 'ssp_webapp_quantities'
2026-08-03 08:36:26 INFO SQL [ssp_webapp_quantities(columns)]: 17 row(s) returned
2026-08-03 08:36:26 INFO WRITE [ssp_webapp_quantities]: updated, 21 row(s) processed
2026-08-03 08:36:26 INFO SQL [ssp_webapp_quantities(select)]: SELECT * FROM [DWH].[utility].[ssp_webapp_quantities] WHERE date_id = '2026-08-03' AND shift_id = 'night_shift' AND workplace_id IN ('40302009','40302010','40302011','40302012','40302013','40302014','40302015','40302016','40302017','40302018','40302019','40302020','40302021','40302022','40302023','40302024','40302025','40302026','40302027','40302028','40302029')
2026-08-03 08:36:26 INFO SQL [ssp_webapp_quantities(select)]: 21 row(s) returned
2026-08-03 08:36:26 INFO Disturbance: Collecting Machine Disturbance Data
2026-08-03 08:36:26 INFO Disturbance: Loading Machine Disturbance Data from Forcam API
2026-08-03 08:36:26 INFO API [Forcam-Token]: GET https://force:25443/ffauth/oauth2.0/accessToken?client_id=IT_TEST&client_secret=***&grant_type=client_credentials&scope=read
2026-08-03 08:36:26 INFO API [Disturbance]: GET https://force:24443/ffwebservices/customized/v3/ifareports/operating_state_log/?limit=100&formatted=true&timeZoneId=Europe/Warsaw&workplace=12ACD3C91940413EB7D9B4DEDCB412F7&workplace=E6DEB6D0405A49F8999FAED015345E99&workplace=B411223989524E809C4A94FD4790C04A&workplace=766335376CD246449E68D72CA699B349&workplace=02536054C1D94BD18B8EC6DB228F0FF5&workplace=25660671B39D4DE694CFB23123719BDC&workplace=C9791AD2B068474692D24A9FE6861A16&workplace=920371B9911747E089DDA0BA8BBB6CAC&workplace=96D9199D6F45471E8E02A7748E89DC47&workplace=4A536BC95A674FED80E261AB12DC0429&workplace=D283CF5FB972427281915314E2BE73FC&workplace=88B6A40066FA4D27B437167F9BD5A993&workplace=84E6ADFD1719451F995AA16B49CE457A&workplace=8EE688E292B94942AAAF5C79D5E2292A&workplace=D83CEB88A89D4F3D8C94C8EE1B7B6FD2&workplace=08C31AB71725448EAF3A03EB3C02894B&workplace=3808C7030BD141FCA7FF90D29990C513&workplace=B5446A24D05F4704B0A615FEE0EEA5C0&workplace=038D6A3F9EA94C3CAEF3BEBBDF1E91A0&workplace=DDF63585ED4149D4A047EB0F61A1CDDC&workplace=A886E06062CF402DA13777991EC0DA30&timeType=HOUR&includeCurrent=true&startDate=2026-08-02T22:00:00&endDate=2026-08-03T06:00:00&operationOperatingStatus=8098005&operationOperatingStatus=8098004&operationOperatingStatus=8098007&operationOperatingStatus=8098006&operationOperatingStatus=8098008&operationOperatingStatus=8098023&operationOperatingStatus=179357&operationOperatingStatus=766925901&operationOperatingStatus=8098012&operationOperatingStatus=164353801&operationOperatingStatus=8098011&operationOperatingStatus=179366&operationOperatingStatus=8098013&operationOperatingStatus=8098010&operationOperatingStatus=8098015&operationOperatingStatus=8098014&operationOperatingStatus=8098016&operationOperatingStatus=8098009&operationOperatingStatus=766925902&operationOperatingStatus=164353802&operationOperatingStatus=766925904&operationOperatingStatus=766925903&operationOperatingStatus=8098018&operationOperatingStatus=8098026&operationOperatingStatus=8098019&operationOperatingStatus=8098021&operationOperatingStatus=8098020
2026-08-03 08:36:30 INFO API [Disturbance]: response total=0
2026-08-03 08:36:30 WARNING Disturbance: No Data found or Error happened, creating empty DF: 'duration_minutes'
2026-08-03 08:36:30 INFO Disturbance: Saving Data in style: update
2026-08-03 08:36:30 INFO SQL [ssp_webapp_disturbances(columns)]: SELECT COLUMN_NAME FROM INFORMATION_SCHEMA.COLUMNS WHERE TABLE_NAME = 'ssp_webapp_disturbances'
2026-08-03 08:36:30 INFO SQL [ssp_webapp_disturbances(columns)]: 15 row(s) returned
2026-08-03 08:36:30 INFO WRITE [ssp_webapp_disturbances]: updated, 0 row(s) processed
2026-08-03 08:36:30 INFO SQL [ssp_webapp_disturbances(select)]: SELECT * FROM [utility].[ssp_webapp_disturbances] WHERE date_id = '2026-08-03' AND shift_id = 'night_shift' AND workplace_id IN ('40302009','40302010','40302011','40302012','40302013','40302014','40302015','40302016','40302017','40302018','40302019','40302020','40302021','40302022','40302023','40302024','40302025','40302026','40302027','40302028','40302029')
2026-08-03 08:36:30 INFO SQL [ssp_webapp_disturbances(select)]: 0 row(s) returned
2026-08-03 08:36:30 INFO General Data: Collecting General Data
2026-08-03 08:36:30 INFO SQL [ssp_webapp_input(select)]: SELECT * FROM [DWH].[utility].[ssp_webapp_input] WHERE date_id = '2026-08-03' AND shift_id = 'night_shift' AND line_id = 'CVJ - CVJ'
2026-08-03 08:36:30 INFO SQL [ssp_webapp_input(select)]: 1 row(s) returned
2026-08-03 08:36:30 INFO General Data: Found existing records for the Selection
2026-08-03 08:36:30 INFO General Data: Loading employee Data
2026-08-03 08:36:30 INFO General Data: Loading Output Data
2026-08-03 08:36:30 INFO General Data: Saving General Data
2026-08-03 08:36:30 INFO WRITE [ssp_webapp_input]: row updated
2026-08-03 08:36:30 INFO SQL [ssp_webapp_input(reselect)]: SELECT * FROM [DWH].[utility].[ssp_webapp_input] WHERE date_id = '2026-08-03' AND shift_id = 'night_shift' AND line_id = 'CVJ - CVJ'
2026-08-03 08:36:30 INFO SQL [ssp_webapp_input(reselect)]: 1 row(s) returned
2026-08-03 08:36:49 INFO ########## LOADING DATA ###################
2026-08-03 08:36:49 INFO Selection: {'date': datetime.date(2026, 8, 3), 'date_str_de': '03.08.2026', 'shift': 'Morning shift', 'shift_id': 'early_shift', 'department': 'OMA', 'line': 'CVJ - CVJ', 'subline': 'CVJ - CVJ', 'workplaces': ['40302009', '40302010', '40302011', '40302012', '40302013', '40302014', '40302015', '40302016', '40302017', '40302018', '40302019', '40302020', '40302021', '40302022', '40302023', '40302024', '40302025', '40302026', '40302027', '40302028', '40302029'], 'workplaces_list': "'40302009','40302010','40302011','40302012','40302013','40302014','40302015','40302016','40302017','40302018','40302019','40302020','40302021','40302022','40302023','40302024','40302025','40302026','40302027','40302028','40302029'"}
2026-08-03 08:36:49 INFO Quantities: Collecting Machine Quantities
2026-08-03 08:36:49 INFO Quantities: Loading Machine Quantities from Forcam API
2026-08-03 08:36:49 INFO API [Forcam-Token]: GET https://force:25443/ffauth/oauth2.0/accessToken?client_id=IT_TEST&client_secret=***&grant_type=client_credentials&scope=read
2026-08-03 08:36:49 INFO API [Quantities]: GET https://force:24443/ffwebservices/customized/v3/ifareports/ssp/?limit=100&formatted=true&timeZoneId=Europe/Warsaw&workplace=12ACD3C91940413EB7D9B4DEDCB412F7&workplace=E6DEB6D0405A49F8999FAED015345E99&workplace=B411223989524E809C4A94FD4790C04A&workplace=766335376CD246449E68D72CA699B349&workplace=02536054C1D94BD18B8EC6DB228F0FF5&workplace=25660671B39D4DE694CFB23123719BDC&workplace=C9791AD2B068474692D24A9FE6861A16&workplace=920371B9911747E089DDA0BA8BBB6CAC&workplace=96D9199D6F45471E8E02A7748E89DC47&workplace=4A536BC95A674FED80E261AB12DC0429&workplace=D283CF5FB972427281915314E2BE73FC&workplace=88B6A40066FA4D27B437167F9BD5A993&workplace=84E6ADFD1719451F995AA16B49CE457A&workplace=8EE688E292B94942AAAF5C79D5E2292A&workplace=D83CEB88A89D4F3D8C94C8EE1B7B6FD2&workplace=08C31AB71725448EAF3A03EB3C02894B&workplace=3808C7030BD141FCA7FF90D29990C513&workplace=B5446A24D05F4704B0A615FEE0EEA5C0&workplace=038D6A3F9EA94C3CAEF3BEBBDF1E91A0&workplace=DDF63585ED4149D4A047EB0F61A1CDDC&workplace=A886E06062CF402DA13777991EC0DA30&timeTimeType=HOUR&timeIncludeCurrent=true&timeStartDate=2026-08-03T06:00:00&timeEndDate=2026-08-03T14:00:00
2026-08-03 08:36:50 INFO API [Quantities]: response total=4
2026-08-03 08:36:50 INFO Quantities: Amount of Events: 4
2026-08-03 08:36:51 INFO Quantities: Saving Data in style: update
2026-08-03 08:36:51 INFO SQL [ssp_webapp_quantities(columns)]: SELECT COLUMN_NAME FROM INFORMATION_SCHEMA.COLUMNS WHERE TABLE_NAME = 'ssp_webapp_quantities'
2026-08-03 08:36:51 INFO SQL [ssp_webapp_quantities(columns)]: 17 row(s) returned
2026-08-03 08:36:51 INFO WRITE [ssp_webapp_quantities]: updated, 21 row(s) processed
2026-08-03 08:36:51 INFO SQL [ssp_webapp_quantities(select)]: SELECT * FROM [DWH].[utility].[ssp_webapp_quantities] WHERE date_id = '2026-08-03' AND shift_id = 'early_shift' AND workplace_id IN ('40302009','40302010','40302011','40302012','40302013','40302014','40302015','40302016','40302017','40302018','40302019','40302020','40302021','40302022','40302023','40302024','40302025','40302026','40302027','40302028','40302029')
2026-08-03 08:36:51 INFO SQL [ssp_webapp_quantities(select)]: 21 row(s) returned
2026-08-03 08:36:51 INFO Disturbance: Collecting Machine Disturbance Data
2026-08-03 08:36:51 INFO Disturbance: Loading Machine Disturbance Data from Forcam API
2026-08-03 08:36:51 INFO API [Forcam-Token]: GET https://force:25443/ffauth/oauth2.0/accessToken?client_id=IT_TEST&client_secret=***&grant_type=client_credentials&scope=read
2026-08-03 08:36:51 INFO API [Disturbance]: GET https://force:24443/ffwebservices/customized/v3/ifareports/operating_state_log/?limit=100&formatted=true&timeZoneId=Europe/Warsaw&workplace=12ACD3C91940413EB7D9B4DEDCB412F7&workplace=E6DEB6D0405A49F8999FAED015345E99&workplace=B411223989524E809C4A94FD4790C04A&workplace=766335376CD246449E68D72CA699B349&workplace=02536054C1D94BD18B8EC6DB228F0FF5&workplace=25660671B39D4DE694CFB23123719BDC&workplace=C9791AD2B068474692D24A9FE6861A16&workplace=920371B9911747E089DDA0BA8BBB6CAC&workplace=96D9199D6F45471E8E02A7748E89DC47&workplace=4A536BC95A674FED80E261AB12DC0429&workplace=D283CF5FB972427281915314E2BE73FC&workplace=88B6A40066FA4D27B437167F9BD5A993&workplace=84E6ADFD1719451F995AA16B49CE457A&workplace=8EE688E292B94942AAAF5C79D5E2292A&workplace=D83CEB88A89D4F3D8C94C8EE1B7B6FD2&workplace=08C31AB71725448EAF3A03EB3C02894B&workplace=3808C7030BD141FCA7FF90D29990C513&workplace=B5446A24D05F4704B0A615FEE0EEA5C0&workplace=038D6A3F9EA94C3CAEF3BEBBDF1E91A0&workplace=DDF63585ED4149D4A047EB0F61A1CDDC&workplace=A886E06062CF402DA13777991EC0DA30&timeType=HOUR&includeCurrent=true&startDate=2026-08-03T06:00:00&endDate=2026-08-03T14:00:00&operationOperatingStatus=8098005&operationOperatingStatus=8098004&operationOperatingStatus=8098007&operationOperatingStatus=8098006&operationOperatingStatus=8098008&operationOperatingStatus=8098023&operationOperatingStatus=179357&operationOperatingStatus=766925901&operationOperatingStatus=8098012&operationOperatingStatus=164353801&operationOperatingStatus=8098011&operationOperatingStatus=179366&operationOperatingStatus=8098013&operationOperatingStatus=8098010&operationOperatingStatus=8098015&operationOperatingStatus=8098014&operationOperatingStatus=8098016&operationOperatingStatus=8098009&operationOperatingStatus=766925902&operationOperatingStatus=164353802&operationOperatingStatus=766925904&operationOperatingStatus=766925903&operationOperatingStatus=8098018&operationOperatingStatus=8098026&operationOperatingStatus=8098019&operationOperatingStatus=8098021&operationOperatingStatus=8098020
2026-08-03 08:36:57 INFO API [Disturbance]: response total=8
2026-08-03 08:36:57 INFO Disturbance: Amount of Events: 8
2026-08-03 08:36:57 INFO Disturbance: Saving Data in style: update
2026-08-03 08:36:57 INFO SQL [ssp_webapp_disturbances(columns)]: SELECT COLUMN_NAME FROM INFORMATION_SCHEMA.COLUMNS WHERE TABLE_NAME = 'ssp_webapp_disturbances'
2026-08-03 08:36:57 INFO SQL [ssp_webapp_disturbances(columns)]: 15 row(s) returned
2026-08-03 08:36:57 INFO WRITE [ssp_webapp_disturbances]: updated, 0 row(s) processed
2026-08-03 08:36:57 INFO SQL [ssp_webapp_disturbances(select)]: SELECT * FROM [utility].[ssp_webapp_disturbances] WHERE date_id = '2026-08-03' AND shift_id = 'early_shift' AND workplace_id IN ('40302009','40302010','40302011','40302012','40302013','40302014','40302015','40302016','40302017','40302018','40302019','40302020','40302021','40302022','40302023','40302024','40302025','40302026','40302027','40302028','40302029')
2026-08-03 08:36:57 INFO SQL [ssp_webapp_disturbances(select)]: 0 row(s) returned
2026-08-03 08:36:57 INFO General Data: Collecting General Data
2026-08-03 08:36:57 INFO SQL [ssp_webapp_input(select)]: SELECT * FROM [DWH].[utility].[ssp_webapp_input] WHERE date_id = '2026-08-03' AND shift_id = 'early_shift' AND line_id = 'CVJ - CVJ'
2026-08-03 08:36:57 INFO SQL [ssp_webapp_input(select)]: 1 row(s) returned
2026-08-03 08:36:57 INFO General Data: Found existing records for the Selection
2026-08-03 08:36:57 INFO General Data: Loading employee Data
2026-08-03 08:36:57 INFO General Data: Loading Output Data
2026-08-03 08:36:57 INFO General Data: Saving General Data
2026-08-03 08:36:57 INFO WRITE [ssp_webapp_input]: row updated
2026-08-03 08:36:57 INFO SQL [ssp_webapp_input(reselect)]: SELECT * FROM [DWH].[utility].[ssp_webapp_input] WHERE date_id = '2026-08-03' AND shift_id = 'early_shift' AND line_id = 'CVJ - CVJ'
2026-08-03 08:36:57 INFO SQL [ssp_webapp_input(reselect)]: 1 row(s) returned
2026-08-04 08:20:35 INFO SQL [hierarchy]: SELECT DISTINCT department, line_id + ' - ' + line_name AS line_id, subline_id + ' - ' + subline_name AS subline_id FROM [DWH].[dim].[workplace] WHERE department IS NOT NULL AND plant = 'UjaP'
2026-08-04 08:20:36 INFO SQL [hierarchy]: 1 row(s) returned
2026-08-04 08:20:36 INFO SQL [workplace_mapping]: SELECT DISTINCT workplace_id, line_id + ' - ' + line_name AS line_id, subline_id + ' - ' + subline_name AS subline_id FROM [DWH].[dim].[workplace] WHERE department IS NOT NULL AND plant = 'UjaP'
2026-08-04 08:20:36 INFO SQL [workplace_mapping]: 21 row(s) returned
2026-08-04 08:25:05 INFO ########## LOADING DATA ###################
2026-08-04 08:25:05 INFO Selection: {'date': datetime.date(2026, 8, 3), 'date_str_de': '03.08.2026', 'shift': 'Zmiana nocna', 'shift_id': 'night_shift', 'department': 'OMA', 'line': 'CVJ - CVJ', 'subline': 'CVJ - CVJ', 'workplaces': ['40302009', '40302010', '40302011', '40302012', '40302013', '40302014', '40302015', '40302016', '40302017', '40302018', '40302019', '40302020', '40302021', '40302022', '40302023', '40302024', '40302025', '40302026', '40302027', '40302028', '40302029'], 'workplaces_list': "'40302009','40302010','40302011','40302012','40302013','40302014','40302015','40302016','40302017','40302018','40302019','40302020','40302021','40302022','40302023','40302024','40302025','40302026','40302027','40302028','40302029'"}
2026-08-04 08:25:05 INFO Quantities: Collecting Machine Quantities
2026-08-04 08:25:05 INFO Quantities: Loading Machine Quantities from Forcam API
2026-08-04 08:25:05 INFO SQL [forcam_uuid_map]: SELECT DISTINCT workplace_ifa_id, workplace_forcam_uuid FROM [DWH].[dim].[forcam_hierarchy]
2026-08-04 08:25:05 INFO SQL [forcam_uuid_map]: 698 row(s) returned
2026-08-04 08:25:05 INFO API [Forcam-Token]: GET https://force:25443/ffauth/oauth2.0/accessToken?client_id=IT_TEST&client_secret=***&grant_type=client_credentials&scope=read
2026-08-04 08:25:05 INFO API [Quantities]: GET https://force:24443/ffwebservices/customized/v3/ifareports/ssp/?limit=100&formatted=true&timeZoneId=Europe/Warsaw&workplace=12ACD3C91940413EB7D9B4DEDCB412F7&workplace=E6DEB6D0405A49F8999FAED015345E99&workplace=B411223989524E809C4A94FD4790C04A&workplace=766335376CD246449E68D72CA699B349&workplace=02536054C1D94BD18B8EC6DB228F0FF5&workplace=25660671B39D4DE694CFB23123719BDC&workplace=C9791AD2B068474692D24A9FE6861A16&workplace=920371B9911747E089DDA0BA8BBB6CAC&workplace=96D9199D6F45471E8E02A7748E89DC47&workplace=4A536BC95A674FED80E261AB12DC0429&workplace=D283CF5FB972427281915314E2BE73FC&workplace=88B6A40066FA4D27B437167F9BD5A993&workplace=84E6ADFD1719451F995AA16B49CE457A&workplace=8EE688E292B94942AAAF5C79D5E2292A&workplace=D83CEB88A89D4F3D8C94C8EE1B7B6FD2&workplace=08C31AB71725448EAF3A03EB3C02894B&workplace=3808C7030BD141FCA7FF90D29990C513&workplace=B5446A24D05F4704B0A615FEE0EEA5C0&workplace=038D6A3F9EA94C3CAEF3BEBBDF1E91A0&workplace=DDF63585ED4149D4A047EB0F61A1CDDC&workplace=A886E06062CF402DA13777991EC0DA30&timeTimeType=HOUR&timeIncludeCurrent=true&timeStartDate=2026-08-02T22:02:00&timeEndDate=2026-08-03T06:00:00
2026-08-04 08:25:07 INFO API [Quantities]: response total=2
2026-08-04 08:25:07 INFO Quantities: Amount of Events: 2
2026-08-04 08:25:07 INFO Quantities: Saving Data in style: update
2026-08-04 08:25:07 INFO SQL [ssp_webapp_quantities(columns)]: SELECT COLUMN_NAME FROM INFORMATION_SCHEMA.COLUMNS WHERE TABLE_NAME = 'ssp_webapp_quantities'
2026-08-04 08:25:07 INFO SQL [ssp_webapp_quantities(columns)]: 17 row(s) returned
2026-08-04 08:25:07 INFO WRITE [ssp_webapp_quantities]: updated, 21 row(s) processed
2026-08-04 08:25:07 INFO SQL [ssp_webapp_quantities(select)]: SELECT * FROM [DWH].[utility].[ssp_webapp_quantities] WHERE date_id = '2026-08-03' AND shift_id = 'night_shift' AND workplace_id IN ('40302009','40302010','40302011','40302012','40302013','40302014','40302015','40302016','40302017','40302018','40302019','40302020','40302021','40302022','40302023','40302024','40302025','40302026','40302027','40302028','40302029')
2026-08-04 08:25:07 INFO SQL [ssp_webapp_quantities(select)]: 21 row(s) returned
2026-08-04 08:25:07 INFO SQL [wpl_info]: SELECT workplace_id, process, machine_name, output_relevant, line_name FROM [DWH].[dim].[workplace] WHERE plant = 'UjaP' AND (process != 'mes-logout' OR process IS NULL) AND line_name NOT IN ('')
2026-08-04 08:25:07 INFO SQL [wpl_info]: 21 row(s) returned
2026-08-04 08:25:07 INFO Disturbance: Collecting Machine Disturbance Data
2026-08-04 08:25:07 INFO Disturbance: Loading Machine Disturbance Data from Forcam API
2026-08-04 08:25:07 INFO API [Forcam-Token]: GET https://force:25443/ffauth/oauth2.0/accessToken?client_id=IT_TEST&client_secret=***&grant_type=client_credentials&scope=read
2026-08-04 08:25:07 INFO API [Disturbance]: GET https://force:24443/ffwebservices/customized/v3/ifareports/operating_state_log/?limit=100&formatted=true&timeZoneId=Europe/Warsaw&workplace=12ACD3C91940413EB7D9B4DEDCB412F7&workplace=E6DEB6D0405A49F8999FAED015345E99&workplace=B411223989524E809C4A94FD4790C04A&workplace=766335376CD246449E68D72CA699B349&workplace=02536054C1D94BD18B8EC6DB228F0FF5&workplace=25660671B39D4DE694CFB23123719BDC&workplace=C9791AD2B068474692D24A9FE6861A16&workplace=920371B9911747E089DDA0BA8BBB6CAC&workplace=96D9199D6F45471E8E02A7748E89DC47&workplace=4A536BC95A674FED80E261AB12DC0429&workplace=D283CF5FB972427281915314E2BE73FC&workplace=88B6A40066FA4D27B437167F9BD5A993&workplace=84E6ADFD1719451F995AA16B49CE457A&workplace=8EE688E292B94942AAAF5C79D5E2292A&workplace=D83CEB88A89D4F3D8C94C8EE1B7B6FD2&workplace=08C31AB71725448EAF3A03EB3C02894B&workplace=3808C7030BD141FCA7FF90D29990C513&workplace=B5446A24D05F4704B0A615FEE0EEA5C0&workplace=038D6A3F9EA94C3CAEF3BEBBDF1E91A0&workplace=DDF63585ED4149D4A047EB0F61A1CDDC&workplace=A886E06062CF402DA13777991EC0DA30&timeType=HOUR&includeCurrent=true&startDate=2026-08-02T22:00:00&endDate=2026-08-03T06:00:00&operationOperatingStatus=8098005&operationOperatingStatus=8098004&operationOperatingStatus=8098007&operationOperatingStatus=8098006&operationOperatingStatus=8098008&operationOperatingStatus=8098023&operationOperatingStatus=179357&operationOperatingStatus=766925901&operationOperatingStatus=8098012&operationOperatingStatus=164353801&operationOperatingStatus=8098011&operationOperatingStatus=179366&operationOperatingStatus=8098013&operationOperatingStatus=8098010&operationOperatingStatus=8098015&operationOperatingStatus=8098014&operationOperatingStatus=8098016&operationOperatingStatus=8098009&operationOperatingStatus=766925902&operationOperatingStatus=164353802&operationOperatingStatus=766925904&operationOperatingStatus=766925903&operationOperatingStatus=8098018&operationOperatingStatus=8098026&operationOperatingStatus=8098019&operationOperatingStatus=8098021&operationOperatingStatus=8098020
2026-08-04 08:25:11 INFO API [Disturbance]: response total=0
2026-08-04 08:25:11 WARNING Disturbance: No Data found or Error happened, creating empty DF: 'duration_minutes'
2026-08-04 08:25:11 INFO SQL [operating_state_codes]: SELECT DISTINCT code, title_pl AS title, color FROM [DWH].[dim].[forcam_operating_state_codes_polska]
2026-08-04 08:25:11 INFO SQL [operating_state_codes]: 54 row(s) returned
2026-08-04 08:25:11 INFO Disturbance: Saving Data in style: update
2026-08-04 08:25:11 INFO SQL [ssp_webapp_disturbances(columns)]: SELECT COLUMN_NAME FROM INFORMATION_SCHEMA.COLUMNS WHERE TABLE_NAME = 'ssp_webapp_disturbances'
2026-08-04 08:25:11 INFO SQL [ssp_webapp_disturbances(columns)]: 15 row(s) returned
2026-08-04 08:25:11 INFO WRITE [ssp_webapp_disturbances]: updated, 0 row(s) processed
2026-08-04 08:25:11 INFO SQL [ssp_webapp_disturbances(select)]: SELECT * FROM [utility].[ssp_webapp_disturbances] WHERE date_id = '2026-08-03' AND shift_id = 'night_shift' AND workplace_id IN ('40302009','40302010','40302011','40302012','40302013','40302014','40302015','40302016','40302017','40302018','40302019','40302020','40302021','40302022','40302023','40302024','40302025','40302026','40302027','40302028','40302029')
2026-08-04 08:25:11 INFO SQL [ssp_webapp_disturbances(select)]: 0 row(s) returned
2026-08-04 08:25:11 INFO General Data: Collecting General Data
2026-08-04 08:25:11 INFO SQL [ssp_webapp_input(select)]: SELECT * FROM [DWH].[utility].[ssp_webapp_input] WHERE date_id = '2026-08-03' AND shift_id = 'night_shift' AND line_id = 'CVJ - CVJ'
2026-08-04 08:25:11 INFO SQL [ssp_webapp_input(select)]: 1 row(s) returned
2026-08-04 08:25:11 INFO General Data: Found existing records for the Selection
2026-08-04 08:25:11 INFO General Data: Loading employee Data
2026-08-04 08:25:11 INFO General Data: Loading Output Data
2026-08-04 08:25:11 INFO General Data: Saving General Data
2026-08-04 08:25:12 INFO WRITE [ssp_webapp_input]: row updated
2026-08-04 08:25:12 INFO SQL [ssp_webapp_input(reselect)]: SELECT * FROM [DWH].[utility].[ssp_webapp_input] WHERE date_id = '2026-08-03' AND shift_id = 'night_shift' AND line_id = 'CVJ - CVJ'
2026-08-04 08:25:12 INFO SQL [ssp_webapp_input(reselect)]: 1 row(s) returned
2026-08-04 08:51:27 INFO SQL [hierarchy]: SELECT DISTINCT department, line_id + ' - ' + line_name AS line_id, subline_id + ' - ' + subline_name AS subline_id FROM [DWH].[dim].[workplace] WHERE department IS NOT NULL AND plant = 'UjaP'
2026-08-04 08:51:27 INFO SQL [hierarchy]: 1 row(s) returned
2026-08-04 08:51:27 INFO SQL [workplace_mapping]: SELECT DISTINCT workplace_id, line_id + ' - ' + line_name AS line_id, subline_id + ' - ' + subline_name AS subline_id FROM [DWH].[dim].[workplace] WHERE department IS NOT NULL AND plant = 'UjaP'
2026-08-04 08:51:27 INFO SQL [workplace_mapping]: 21 row(s) returned
2026-08-04 08:51:27 INFO ########## LOADING DATA ###################
2026-08-04 08:51:27 INFO Selection: {'date': datetime.date(2026, 8, 4), 'date_str_de': '04.08.2026', 'shift': 'Morning shift', 'shift_id': 'early_shift', 'department': 'OMA', 'line': 'CVJ - CVJ', 'subline': 'CVJ - CVJ', 'workplaces': ['40302009', '40302010', '40302011', '40302012', '40302013', '40302014', '40302015', '40302016', '40302017', '40302018', '40302019', '40302020', '40302021', '40302022', '40302023', '40302024', '40302025', '40302026', '40302027', '40302028', '40302029'], 'workplaces_list': "'40302009','40302010','40302011','40302012','40302013','40302014','40302015','40302016','40302017','40302018','40302019','40302020','40302021','40302022','40302023','40302024','40302025','40302026','40302027','40302028','40302029'"}
2026-08-04 08:51:27 INFO Quantities: Collecting Machine Quantities
2026-08-04 08:51:27 INFO Quantities: Loading Machine Quantities from Forcam API
2026-08-04 08:51:27 INFO SQL [forcam_uuid_map]: SELECT DISTINCT workplace_ifa_id, workplace_forcam_uuid FROM [DWH].[dim].[forcam_hierarchy]
2026-08-04 08:51:27 INFO SQL [forcam_uuid_map]: 698 row(s) returned
2026-08-04 08:51:27 INFO API [Forcam-Token]: GET https://force:25443/ffauth/oauth2.0/accessToken?client_id=IT_TEST&client_secret=***&grant_type=client_credentials&scope=read
2026-08-04 08:51:27 INFO API [Quantities]: GET https://force:24443/ffwebservices/customized/v3/ifareports/ssp/?limit=100&formatted=true&timeZoneId=Europe/Warsaw&workplace=12ACD3C91940413EB7D9B4DEDCB412F7&workplace=E6DEB6D0405A49F8999FAED015345E99&workplace=B411223989524E809C4A94FD4790C04A&workplace=766335376CD246449E68D72CA699B349&workplace=02536054C1D94BD18B8EC6DB228F0FF5&workplace=25660671B39D4DE694CFB23123719BDC&workplace=C9791AD2B068474692D24A9FE6861A16&workplace=920371B9911747E089DDA0BA8BBB6CAC&workplace=96D9199D6F45471E8E02A7748E89DC47&workplace=4A536BC95A674FED80E261AB12DC0429&workplace=D283CF5FB972427281915314E2BE73FC&workplace=88B6A40066FA4D27B437167F9BD5A993&workplace=84E6ADFD1719451F995AA16B49CE457A&workplace=8EE688E292B94942AAAF5C79D5E2292A&workplace=D83CEB88A89D4F3D8C94C8EE1B7B6FD2&workplace=08C31AB71725448EAF3A03EB3C02894B&workplace=3808C7030BD141FCA7FF90D29990C513&workplace=B5446A24D05F4704B0A615FEE0EEA5C0&workplace=038D6A3F9EA94C3CAEF3BEBBDF1E91A0&workplace=DDF63585ED4149D4A047EB0F61A1CDDC&workplace=A886E06062CF402DA13777991EC0DA30&timeTimeType=HOUR&timeIncludeCurrent=true&timeStartDate=2026-08-04T06:00:00&timeEndDate=2026-08-04T14:00:00
2026-08-04 08:51:28 INFO API [Quantities]: response total=7
2026-08-04 08:51:28 INFO Quantities: Amount of Events: 7
2026-08-04 08:51:28 INFO Quantities: Saving Data in style: update
2026-08-04 08:51:28 INFO SQL [ssp_webapp_quantities(columns)]: SELECT COLUMN_NAME FROM INFORMATION_SCHEMA.COLUMNS WHERE TABLE_NAME = 'ssp_webapp_quantities'
2026-08-04 08:51:28 INFO SQL [ssp_webapp_quantities(columns)]: 17 row(s) returned
2026-08-04 08:51:29 INFO WRITE [ssp_webapp_quantities]: no matching row for workplace_id=40302012, inserting new one
2026-08-04 08:51:29 INFO WRITE [ssp_webapp_quantities]: no matching row for workplace_id=40302015, inserting new one
2026-08-04 08:51:29 INFO WRITE [ssp_webapp_quantities]: no matching row for workplace_id=40302016, inserting new one
2026-08-04 08:51:29 INFO WRITE [ssp_webapp_quantities]: no matching row for workplace_id=40302017, inserting new one
2026-08-04 08:51:29 INFO WRITE [ssp_webapp_quantities]: no matching row for workplace_id=40302018, inserting new one
2026-08-04 08:51:29 INFO WRITE [ssp_webapp_quantities]: no matching row for workplace_id=40302019, inserting new one
2026-08-04 08:51:29 INFO WRITE [ssp_webapp_quantities]: no matching row for workplace_id=40302021, inserting new one
2026-08-04 08:51:29 INFO WRITE [ssp_webapp_quantities]: no matching row for workplace_id=40302022, inserting new one
2026-08-04 08:51:29 INFO WRITE [ssp_webapp_quantities]: no matching row for workplace_id=40302023, inserting new one
2026-08-04 08:51:29 INFO WRITE [ssp_webapp_quantities]: no matching row for workplace_id=40302024, inserting new one
2026-08-04 08:51:29 INFO WRITE [ssp_webapp_quantities]: no matching row for workplace_id=40302025, inserting new one
2026-08-04 08:51:29 INFO WRITE [ssp_webapp_quantities]: no matching row for workplace_id=40302026, inserting new one
2026-08-04 08:51:29 INFO WRITE [ssp_webapp_quantities]: no matching row for workplace_id=40302027, inserting new one
2026-08-04 08:51:29 INFO WRITE [ssp_webapp_quantities]: no matching row for workplace_id=40302028, inserting new one
2026-08-04 08:51:29 INFO WRITE [ssp_webapp_quantities]: no matching row for workplace_id=40302029, inserting new one
2026-08-04 08:51:29 INFO WRITE [ssp_webapp_quantities]: no matching row for workplace_id=40302009, inserting new one
2026-08-04 08:51:29 INFO WRITE [ssp_webapp_quantities]: no matching row for workplace_id=40302010, inserting new one
2026-08-04 08:51:29 INFO WRITE [ssp_webapp_quantities]: no matching row for workplace_id=40302011, inserting new one
2026-08-04 08:51:29 INFO WRITE [ssp_webapp_quantities]: no matching row for workplace_id=40302013, inserting new one
2026-08-04 08:51:29 INFO WRITE [ssp_webapp_quantities]: no matching row for workplace_id=40302014, inserting new one
2026-08-04 08:51:29 INFO WRITE [ssp_webapp_quantities]: no matching row for workplace_id=40302020, inserting new one
2026-08-04 08:51:29 INFO WRITE [ssp_webapp_quantities]: updated, 21 row(s) processed
2026-08-04 08:51:29 INFO SQL [ssp_webapp_quantities(select)]: SELECT * FROM [DWH].[utility].[ssp_webapp_quantities] WHERE date_id = '2026-08-04' AND shift_id = 'early_shift' AND workplace_id IN ('40302009','40302010','40302011','40302012','40302013','40302014','40302015','40302016','40302017','40302018','40302019','40302020','40302021','40302022','40302023','40302024','40302025','40302026','40302027','40302028','40302029')
2026-08-04 08:51:29 INFO SQL [ssp_webapp_quantities(select)]: 21 row(s) returned
2026-08-04 08:51:29 INFO SQL [wpl_info]: SELECT workplace_id, process, machine_name, output_relevant, line_name FROM [DWH].[dim].[workplace] WHERE plant = 'UjaP' AND (process != 'mes-logout' OR process IS NULL) AND line_name NOT IN ('')
2026-08-04 08:51:29 INFO SQL [wpl_info]: 21 row(s) returned
2026-08-04 08:51:29 INFO Disturbance: Collecting Machine Disturbance Data
2026-08-04 08:51:29 INFO Disturbance: Loading Machine Disturbance Data from Forcam API
2026-08-04 08:51:29 INFO API [Forcam-Token]: GET https://force:25443/ffauth/oauth2.0/accessToken?client_id=IT_TEST&client_secret=***&grant_type=client_credentials&scope=read
2026-08-04 08:51:29 INFO API [Disturbance]: GET https://force:24443/ffwebservices/customized/v3/ifareports/operating_state_log/?limit=100&formatted=true&timeZoneId=Europe/Warsaw&workplace=12ACD3C91940413EB7D9B4DEDCB412F7&workplace=E6DEB6D0405A49F8999FAED015345E99&workplace=B411223989524E809C4A94FD4790C04A&workplace=766335376CD246449E68D72CA699B349&workplace=02536054C1D94BD18B8EC6DB228F0FF5&workplace=25660671B39D4DE694CFB23123719BDC&workplace=C9791AD2B068474692D24A9FE6861A16&workplace=920371B9911747E089DDA0BA8BBB6CAC&workplace=96D9199D6F45471E8E02A7748E89DC47&workplace=4A536BC95A674FED80E261AB12DC0429&workplace=D283CF5FB972427281915314E2BE73FC&workplace=88B6A40066FA4D27B437167F9BD5A993&workplace=84E6ADFD1719451F995AA16B49CE457A&workplace=8EE688E292B94942AAAF5C79D5E2292A&workplace=D83CEB88A89D4F3D8C94C8EE1B7B6FD2&workplace=08C31AB71725448EAF3A03EB3C02894B&workplace=3808C7030BD141FCA7FF90D29990C513&workplace=B5446A24D05F4704B0A615FEE0EEA5C0&workplace=038D6A3F9EA94C3CAEF3BEBBDF1E91A0&workplace=DDF63585ED4149D4A047EB0F61A1CDDC&workplace=A886E06062CF402DA13777991EC0DA30&timeType=HOUR&includeCurrent=true&startDate=2026-08-04T06:00:00&endDate=2026-08-04T14:00:00&operationOperatingStatus=8098005&operationOperatingStatus=8098004&operationOperatingStatus=8098007&operationOperatingStatus=8098006&operationOperatingStatus=8098008&operationOperatingStatus=8098023&operationOperatingStatus=179357&operationOperatingStatus=766925901&operationOperatingStatus=8098012&operationOperatingStatus=164353801&operationOperatingStatus=8098011&operationOperatingStatus=179366&operationOperatingStatus=8098013&operationOperatingStatus=8098010&operationOperatingStatus=8098015&operationOperatingStatus=8098014&operationOperatingStatus=8098016&operationOperatingStatus=8098009&operationOperatingStatus=766925902&operationOperatingStatus=164353802&operationOperatingStatus=766925904&operationOperatingStatus=766925903&operationOperatingStatus=8098018&operationOperatingStatus=8098026&operationOperatingStatus=8098019&operationOperatingStatus=8098021&operationOperatingStatus=8098020
2026-08-04 08:51:33 INFO API [Disturbance]: response total=13
2026-08-04 08:51:33 INFO Disturbance: Amount of Events: 13
2026-08-04 08:51:33 INFO SQL [operating_state_codes]: SELECT DISTINCT code, title_en AS title, color FROM [DWH].[dim].[forcam_operating_state_codes_polska]
2026-08-04 08:51:33 INFO SQL [operating_state_codes]: 54 row(s) returned
2026-08-04 08:51:33 INFO Disturbance: Saving Data in style: update
2026-08-04 08:51:33 INFO SQL [ssp_webapp_disturbances(columns)]: SELECT COLUMN_NAME FROM INFORMATION_SCHEMA.COLUMNS WHERE TABLE_NAME = 'ssp_webapp_disturbances'
2026-08-04 08:51:33 INFO SQL [ssp_webapp_disturbances(columns)]: 15 row(s) returned
2026-08-04 08:51:33 INFO WRITE [ssp_webapp_disturbances]: no matching row for workplace_id=40302011, inserting new one
2026-08-04 08:51:33 INFO WRITE [ssp_webapp_disturbances]: no matching row for workplace_id=40302013, inserting new one
2026-08-04 08:51:33 INFO WRITE [ssp_webapp_disturbances]: updated, 2 row(s) processed
2026-08-04 08:51:33 INFO SQL [ssp_webapp_disturbances(select)]: SELECT * FROM [utility].[ssp_webapp_disturbances] WHERE date_id = '2026-08-04' AND shift_id = 'early_shift' AND workplace_id IN ('40302009','40302010','40302011','40302012','40302013','40302014','40302015','40302016','40302017','40302018','40302019','40302020','40302021','40302022','40302023','40302024','40302025','40302026','40302027','40302028','40302029')
2026-08-04 08:51:33 INFO SQL [ssp_webapp_disturbances(select)]: 2 row(s) returned
2026-08-04 08:51:33 INFO General Data: Collecting General Data
2026-08-04 08:51:33 INFO SQL [ssp_webapp_input(select)]: SELECT * FROM [DWH].[utility].[ssp_webapp_input] WHERE date_id = '2026-08-04' AND shift_id = 'early_shift' AND line_id = 'CVJ - CVJ'
2026-08-04 08:51:33 INFO SQL [ssp_webapp_input(select)]: 0 row(s) returned
2026-08-04 08:51:33 INFO General Data: No records found for the Selection
2026-08-04 08:51:33 INFO General Data: Loading employee Data
2026-08-04 08:51:33 INFO General Data: Loading Output Data
2026-08-04 08:51:33 INFO General Data: Saving General Data
2026-08-04 08:51:33 INFO WRITE [ssp_webapp_input]: no matching row, inserting new one
2026-08-04 08:51:33 INFO SQL [ssp_webapp_input(reselect)]: SELECT * FROM [DWH].[utility].[ssp_webapp_input] WHERE date_id = '2026-08-04' AND shift_id = 'early_shift' AND line_id = 'CVJ - CVJ'
2026-08-04 08:51:33 INFO SQL [ssp_webapp_input(reselect)]: 1 row(s) returned
2026-08-17 06:21:42 INFO SQL [hierarchy]: SELECT DISTINCT department, line_id + ' - ' + line_name AS line_id, subline_id + ' - ' + subline_name AS subline_id FROM [DWH].[dim].[workplace] WHERE department IS NOT NULL AND plant = 'UjaP'
2026-08-17 06:21:42 INFO SQL [hierarchy]: 1 row(s) returned
2026-08-17 06:21:42 INFO SQL [workplace_mapping]: SELECT DISTINCT workplace_id, line_id + ' - ' + line_name AS line_id, subline_id + ' - ' + subline_name AS subline_id FROM [DWH].[dim].[workplace] WHERE department IS NOT NULL AND plant = 'UjaP'
2026-08-17 06:21:42 INFO SQL [workplace_mapping]: 21 row(s) returned
2026-08-17 06:28:08 INFO ########## LOADING DATA ###################
2026-08-17 06:28:08 INFO Selection: {'date': datetime.date(2026, 8, 17), 'date_str_de': '17.08.2026', 'shift': 'Zmiana 3', 'shift_id': 'night_shift', 'department': 'OMA', 'line': 'CVJ - CVJ', 'subline': 'CVJ - CVJ', 'workplaces': ['40302009', '40302010', '40302011', '40302012', '40302013', '40302014', '40302015', '40302016', '40302017', '40302018', '40302019', '40302020', '40302021', '40302022', '40302023', '40302024', '40302025', '40302026', '40302027', '40302028', '40302029'], 'workplaces_list': "'40302009','40302010','40302011','40302012','40302013','40302014','40302015','40302016','40302017','40302018','40302019','40302020','40302021','40302022','40302023','40302024','40302025','40302026','40302027','40302028','40302029'"}
2026-08-17 06:28:08 INFO Quantities: Collecting Machine Quantities
2026-08-17 06:28:08 INFO Quantities: Loading Machine Quantities from Forcam API
2026-08-17 06:28:08 INFO SQL [forcam_uuid_map]: SELECT DISTINCT workplace_ifa_id, workplace_forcam_uuid FROM [DWH].[dim].[forcam_hierarchy]
2026-08-17 06:28:08 INFO SQL [forcam_uuid_map]: 698 row(s) returned
2026-08-17 06:28:08 INFO API [Forcam-Token]: GET https://force:25443/ffauth/oauth2.0/accessToken?client_id=IT_TEST&client_secret=***&grant_type=client_credentials&scope=read
2026-08-17 06:28:08 INFO API [Quantities]: GET https://force:24443/ffwebservices/customized/v3/ifareports/ssp/?limit=100&formatted=true&timeZoneId=Europe/Warsaw&workplace=12ACD3C91940413EB7D9B4DEDCB412F7&workplace=E6DEB6D0405A49F8999FAED015345E99&workplace=B411223989524E809C4A94FD4790C04A&workplace=766335376CD246449E68D72CA699B349&workplace=02536054C1D94BD18B8EC6DB228F0FF5&workplace=25660671B39D4DE694CFB23123719BDC&workplace=C9791AD2B068474692D24A9FE6861A16&workplace=920371B9911747E089DDA0BA8BBB6CAC&workplace=96D9199D6F45471E8E02A7748E89DC47&workplace=4A536BC95A674FED80E261AB12DC0429&workplace=D283CF5FB972427281915314E2BE73FC&workplace=88B6A40066FA4D27B437167F9BD5A993&workplace=84E6ADFD1719451F995AA16B49CE457A&workplace=8EE688E292B94942AAAF5C79D5E2292A&workplace=D83CEB88A89D4F3D8C94C8EE1B7B6FD2&workplace=08C31AB71725448EAF3A03EB3C02894B&workplace=3808C7030BD141FCA7FF90D29990C513&workplace=B5446A24D05F4704B0A615FEE0EEA5C0&workplace=038D6A3F9EA94C3CAEF3BEBBDF1E91A0&workplace=DDF63585ED4149D4A047EB0F61A1CDDC&workplace=A886E06062CF402DA13777991EC0DA30&timeTimeType=HOUR&timeIncludeCurrent=true&timeStartDate=2026-08-16T22:02:00&timeEndDate=2026-08-17T06:00:00
2026-08-17 06:28:09 INFO API [Quantities]: response total=0
2026-08-17 06:28:09 INFO Quantities: Saving Data in style: update
2026-08-17 06:28:09 INFO SQL [ssp_webapp_quantities(columns)]: SELECT COLUMN_NAME FROM INFORMATION_SCHEMA.COLUMNS WHERE TABLE_NAME = 'ssp_webapp_quantities'
2026-08-17 06:28:09 INFO SQL [ssp_webapp_quantities(columns)]: 17 row(s) returned
2026-08-17 06:28:09 INFO WRITE [ssp_webapp_quantities]: no matching row for workplace_id=40302009, inserting new one
2026-08-17 06:28:09 INFO WRITE [ssp_webapp_quantities]: no matching row for workplace_id=40302010, inserting new one
2026-08-17 06:28:09 INFO WRITE [ssp_webapp_quantities]: no matching row for workplace_id=40302011, inserting new one
2026-08-17 06:28:09 INFO WRITE [ssp_webapp_quantities]: no matching row for workplace_id=40302012, inserting new one
2026-08-17 06:28:09 INFO WRITE [ssp_webapp_quantities]: no matching row for workplace_id=40302013, inserting new one
2026-08-17 06:28:09 INFO WRITE [ssp_webapp_quantities]: no matching row for workplace_id=40302014, inserting new one
2026-08-17 06:28:09 INFO WRITE [ssp_webapp_quantities]: no matching row for workplace_id=40302015, inserting new one
2026-08-17 06:28:09 INFO WRITE [ssp_webapp_quantities]: no matching row for workplace_id=40302016, inserting new one
2026-08-17 06:28:09 INFO WRITE [ssp_webapp_quantities]: no matching row for workplace_id=40302017, inserting new one
2026-08-17 06:28:09 INFO WRITE [ssp_webapp_quantities]: no matching row for workplace_id=40302018, inserting new one
2026-08-17 06:28:09 INFO WRITE [ssp_webapp_quantities]: no matching row for workplace_id=40302019, inserting new one
2026-08-17 06:28:09 INFO WRITE [ssp_webapp_quantities]: no matching row for workplace_id=40302020, inserting new one
2026-08-17 06:28:09 INFO WRITE [ssp_webapp_quantities]: no matching row for workplace_id=40302021, inserting new one
2026-08-17 06:28:10 INFO WRITE [ssp_webapp_quantities]: no matching row for workplace_id=40302022, inserting new one
2026-08-17 06:28:10 INFO WRITE [ssp_webapp_quantities]: no matching row for workplace_id=40302023, inserting new one
2026-08-17 06:28:10 INFO WRITE [ssp_webapp_quantities]: no matching row for workplace_id=40302024, inserting new one
2026-08-17 06:28:10 INFO WRITE [ssp_webapp_quantities]: no matching row for workplace_id=40302025, inserting new one
2026-08-17 06:28:10 INFO WRITE [ssp_webapp_quantities]: no matching row for workplace_id=40302026, inserting new one
2026-08-17 06:28:10 INFO WRITE [ssp_webapp_quantities]: no matching row for workplace_id=40302027, inserting new one
2026-08-17 06:28:10 INFO WRITE [ssp_webapp_quantities]: no matching row for workplace_id=40302028, inserting new one
2026-08-17 06:28:10 INFO WRITE [ssp_webapp_quantities]: no matching row for workplace_id=40302029, inserting new one
2026-08-17 06:28:10 INFO WRITE [ssp_webapp_quantities]: updated, 21 row(s) processed
2026-08-17 06:28:10 INFO SQL [ssp_webapp_quantities(select)]: SELECT * FROM [DWH].[utility].[ssp_webapp_quantities] WHERE date_id = '2026-08-17' AND shift_id = 'night_shift' AND workplace_id IN ('40302009','40302010','40302011','40302012','40302013','40302014','40302015','40302016','40302017','40302018','40302019','40302020','40302021','40302022','40302023','40302024','40302025','40302026','40302027','40302028','40302029')
2026-08-17 06:28:10 INFO SQL [ssp_webapp_quantities(select)]: 21 row(s) returned
2026-08-17 06:28:10 INFO SQL [wpl_info]: SELECT workplace_id, process, machine_name, output_relevant, line_name FROM [DWH].[dim].[workplace] WHERE plant = 'UjaP' AND (process != 'mes-logout' OR process IS NULL) AND line_name NOT IN ('')
2026-08-17 06:28:10 INFO SQL [wpl_info]: 21 row(s) returned
2026-08-17 06:28:10 INFO Disturbance: Collecting Machine Disturbance Data
2026-08-17 06:28:10 INFO Disturbance: Loading Machine Disturbance Data from Forcam API
2026-08-17 06:28:10 INFO API [Forcam-Token]: GET https://force:25443/ffauth/oauth2.0/accessToken?client_id=IT_TEST&client_secret=***&grant_type=client_credentials&scope=read
2026-08-17 06:28:10 INFO API [Disturbance]: GET https://force:24443/ffwebservices/customized/v3/ifareports/operating_state_log/?limit=100&formatted=true&timeZoneId=Europe/Warsaw&workplace=12ACD3C91940413EB7D9B4DEDCB412F7&workplace=E6DEB6D0405A49F8999FAED015345E99&workplace=B411223989524E809C4A94FD4790C04A&workplace=766335376CD246449E68D72CA699B349&workplace=02536054C1D94BD18B8EC6DB228F0FF5&workplace=25660671B39D4DE694CFB23123719BDC&workplace=C9791AD2B068474692D24A9FE6861A16&workplace=920371B9911747E089DDA0BA8BBB6CAC&workplace=96D9199D6F45471E8E02A7748E89DC47&workplace=4A536BC95A674FED80E261AB12DC0429&workplace=D283CF5FB972427281915314E2BE73FC&workplace=88B6A40066FA4D27B437167F9BD5A993&workplace=84E6ADFD1719451F995AA16B49CE457A&workplace=8EE688E292B94942AAAF5C79D5E2292A&workplace=D83CEB88A89D4F3D8C94C8EE1B7B6FD2&workplace=08C31AB71725448EAF3A03EB3C02894B&workplace=3808C7030BD141FCA7FF90D29990C513&workplace=B5446A24D05F4704B0A615FEE0EEA5C0&workplace=038D6A3F9EA94C3CAEF3BEBBDF1E91A0&workplace=DDF63585ED4149D4A047EB0F61A1CDDC&workplace=A886E06062CF402DA13777991EC0DA30&timeType=HOUR&includeCurrent=true&startDate=2026-08-16T22:00:00&endDate=2026-08-17T06:00:00&operationOperatingStatus=8098005&operationOperatingStatus=8098004&operationOperatingStatus=8098007&operationOperatingStatus=8098006&operationOperatingStatus=8098008&operationOperatingStatus=8098023&operationOperatingStatus=179357&operationOperatingStatus=766925901&operationOperatingStatus=8098012&operationOperatingStatus=164353801&operationOperatingStatus=8098011&operationOperatingStatus=179366&operationOperatingStatus=8098013&operationOperatingStatus=8098010&operationOperatingStatus=8098015&operationOperatingStatus=8098014&operationOperatingStatus=8098016&operationOperatingStatus=8098009&operationOperatingStatus=766925902&operationOperatingStatus=164353802&operationOperatingStatus=766925904&operationOperatingStatus=766925903&operationOperatingStatus=8098018&operationOperatingStatus=8098026&operationOperatingStatus=8098019&operationOperatingStatus=8098021&operationOperatingStatus=8098020
2026-08-17 06:28:13 INFO API [Disturbance]: response total=0
2026-08-17 06:28:13 WARNING Disturbance: No Data found or Error happened, creating empty DF: 'duration_minutes'
2026-08-17 06:28:13 INFO SQL [operating_state_codes]: SELECT DISTINCT code, title_pl AS title, color FROM [DWH].[dim].[forcam_operating_state_codes_polska]
2026-08-17 06:28:13 INFO SQL [operating_state_codes]: 54 row(s) returned
2026-08-17 06:28:13 INFO Disturbance: Saving Data in style: update
2026-08-17 06:28:13 INFO SQL [ssp_webapp_disturbances(columns)]: SELECT COLUMN_NAME FROM INFORMATION_SCHEMA.COLUMNS WHERE TABLE_NAME = 'ssp_webapp_disturbances'
2026-08-17 06:28:13 INFO SQL [ssp_webapp_disturbances(columns)]: 15 row(s) returned
2026-08-17 06:28:13 INFO WRITE [ssp_webapp_disturbances]: updated, 0 row(s) processed
2026-08-17 06:28:13 INFO SQL [ssp_webapp_disturbances(select)]: SELECT * FROM [utility].[ssp_webapp_disturbances] WHERE date_id = '2026-08-17' AND shift_id = 'night_shift' AND workplace_id IN ('40302009','40302010','40302011','40302012','40302013','40302014','40302015','40302016','40302017','40302018','40302019','40302020','40302021','40302022','40302023','40302024','40302025','40302026','40302027','40302028','40302029')
2026-08-17 06:28:13 INFO SQL [ssp_webapp_disturbances(select)]: 0 row(s) returned
2026-08-17 06:28:13 INFO General Data: Collecting General Data
2026-08-17 06:28:13 INFO SQL [ssp_webapp_input(select)]: SELECT * FROM [DWH].[utility].[ssp_webapp_input] WHERE date_id = '2026-08-17' AND shift_id = 'night_shift' AND line_id = 'CVJ - CVJ'
2026-08-17 06:28:13 INFO SQL [ssp_webapp_input(select)]: 0 row(s) returned
2026-08-17 06:28:13 INFO General Data: No records found for the Selection
2026-08-17 06:28:13 INFO General Data: Loading employee Data
2026-08-17 06:28:13 INFO General Data: Loading Output Data
2026-08-17 06:28:13 INFO General Data: Saving General Data
2026-08-17 06:28:13 INFO WRITE [ssp_webapp_input]: no matching row, inserting new one
2026-08-17 06:28:13 INFO SQL [ssp_webapp_input(reselect)]: SELECT * FROM [DWH].[utility].[ssp_webapp_input] WHERE date_id = '2026-08-17' AND shift_id = 'night_shift' AND line_id = 'CVJ - CVJ'
2026-08-17 06:28:13 INFO SQL [ssp_webapp_input(reselect)]: 1 row(s) returned
2026-08-17 06:36:41 INFO SQL [hierarchy]: SELECT DISTINCT department, line_id + ' - ' + line_name AS line_id, subline_id + ' - ' + subline_name AS subline_id FROM [DWH].[dim].[workplace] WHERE department IS NOT NULL AND plant = 'UjaP'
2026-08-17 06:36:41 INFO SQL [hierarchy]: 1 row(s) returned
2026-08-17 06:36:41 INFO SQL [workplace_mapping]: SELECT DISTINCT workplace_id, line_id + ' - ' + line_name AS line_id, subline_id + ' - ' + subline_name AS subline_id FROM [DWH].[dim].[workplace] WHERE department IS NOT NULL AND plant = 'UjaP'
2026-08-17 06:36:41 INFO SQL [workplace_mapping]: 21 row(s) returned
2026-08-17 06:42:07 INFO SQL [hierarchy]: SELECT DISTINCT department, line_id + ' - ' + line_name AS line_id, subline_id + ' - ' + subline_name AS subline_id FROM [DWH].[dim].[workplace] WHERE department IS NOT NULL AND plant = 'UjaP'
2026-08-17 06:42:07 INFO SQL [hierarchy]: 1 row(s) returned
2026-08-17 06:42:07 INFO SQL [workplace_mapping]: SELECT DISTINCT workplace_id, line_id + ' - ' + line_name AS line_id, subline_id + ' - ' + subline_name AS subline_id FROM [DWH].[dim].[workplace] WHERE department IS NOT NULL AND plant = 'UjaP'
2026-08-17 06:42:07 INFO SQL [workplace_mapping]: 21 row(s) returned
2026-08-17 06:44:54 INFO SQL [hierarchy]: SELECT DISTINCT department, line_id + ' - ' + line_name AS line_id, subline_id + ' - ' + subline_name AS subline_id FROM [DWH].[dim].[workplace] WHERE department IS NOT NULL AND plant = 'UjaP'
2026-08-17 06:44:54 INFO SQL [hierarchy]: 1 row(s) returned
2026-08-17 06:44:54 INFO SQL [workplace_mapping]: SELECT DISTINCT workplace_id, line_id + ' - ' + line_name AS line_id, subline_id + ' - ' + subline_name AS subline_id FROM [DWH].[dim].[workplace] WHERE department IS NOT NULL AND plant = 'UjaP'
2026-08-17 06:44:54 INFO SQL [workplace_mapping]: 21 row(s) returned
2026-08-17 06:54:51 INFO SQL [hierarchy]: SELECT DISTINCT department, line_id + ' - ' + line_name AS line_id, subline_id + ' - ' + subline_name AS subline_id FROM [DWH].[dim].[workplace] WHERE department IS NOT NULL AND plant = 'UjaP'
2026-08-17 06:54:51 INFO SQL [hierarchy]: 1 row(s) returned
2026-08-17 06:54:51 INFO SQL [workplace_mapping]: SELECT DISTINCT workplace_id, line_id + ' - ' + line_name AS line_id, subline_id + ' - ' + subline_name AS subline_id FROM [DWH].[dim].[workplace] WHERE department IS NOT NULL AND plant = 'UjaP'
2026-08-17 06:54:51 INFO SQL [workplace_mapping]: 21 row(s) returned
2026-08-17 07:13:09 INFO SQL [hierarchy]: SELECT DISTINCT department, line_id + ' - ' + line_name AS line_id, subline_id + ' - ' + subline_name AS subline_id FROM [DWH].[dim].[workplace] WHERE department IS NOT NULL AND plant = 'UjaP'
2026-08-17 07:13:09 INFO SQL [hierarchy]: 1 row(s) returned
2026-08-17 07:13:09 INFO SQL [workplace_mapping]: SELECT DISTINCT workplace_id, line_id + ' - ' + line_name AS line_id, subline_id + ' - ' + subline_name AS subline_id FROM [DWH].[dim].[workplace] WHERE department IS NOT NULL AND plant = 'UjaP'
2026-08-17 07:13:09 INFO SQL [workplace_mapping]: 21 row(s) returned
2026-08-17 07:26:16 INFO SQL [hierarchy]: SELECT DISTINCT department, line_id + ' - ' + line_name AS line_id, subline_id + ' - ' + subline_name AS subline_id FROM [DWH].[dim].[workplace] WHERE department IS NOT NULL AND plant = 'UjaP'
2026-08-17 07:26:16 INFO SQL [hierarchy]: 1 row(s) returned
2026-08-17 07:26:16 INFO SQL [workplace_mapping]: SELECT DISTINCT workplace_id, line_id + ' - ' + line_name AS line_id, subline_id + ' - ' + subline_name AS subline_id FROM [DWH].[dim].[workplace] WHERE department IS NOT NULL AND plant = 'UjaP'
2026-08-17 07:26:16 INFO SQL [workplace_mapping]: 21 row(s) returned
2026-08-17 10:06:29 INFO SQL [hierarchy]: SELECT DISTINCT department, line_id + ' - ' + line_name AS line_id, subline_id + ' - ' + subline_name AS subline_id FROM [DWH].[dim].[workplace] WHERE department IS NOT NULL AND plant = 'UjaP'
2026-08-17 10:06:29 INFO SQL [hierarchy]: 1 row(s) returned
2026-08-17 10:06:29 INFO SQL [workplace_mapping]: SELECT DISTINCT workplace_id, line_id + ' - ' + line_name AS line_id, subline_id + ' - ' + subline_name AS subline_id FROM [DWH].[dim].[workplace] WHERE department IS NOT NULL AND plant = 'UjaP'
2026-08-17 10:06:29 INFO SQL [workplace_mapping]: 21 row(s) returned
2026-08-17 10:10:11 INFO SQL [hierarchy]: SELECT DISTINCT department, line_id + ' - ' + line_name AS line_id, subline_id + ' - ' + subline_name AS subline_id FROM [DWH].[dim].[workplace] WHERE department IS NOT NULL AND plant = 'UjaP'
2026-08-17 10:10:11 INFO SQL [hierarchy]: 1 row(s) returned
2026-08-17 10:10:11 INFO SQL [workplace_mapping]: SELECT DISTINCT workplace_id, line_id + ' - ' + line_name AS line_id, subline_id + ' - ' + subline_name AS subline_id FROM [DWH].[dim].[workplace] WHERE department IS NOT NULL AND plant = 'UjaP'
2026-08-17 10:10:11 INFO SQL [workplace_mapping]: 21 row(s) returned
2026-08-17 10:16:08 INFO ########## LOADING DATA ###################
2026-08-17 10:16:08 INFO Selection: {'date': datetime.date(2026, 8, 12), 'date_str_de': '12.08.2026', 'shift': 'Zmiana 1', 'shift_id': 'early_shift', 'department': 'OMA', 'line': 'CVJ - CVJ', 'subline': 'CVJ - CVJ', 'workplaces': ['40302009', '40302010', '40302011', '40302012', '40302013', '40302014', '40302015', '40302016', '40302017', '40302018', '40302019', '40302020', '40302021', '40302022', '40302023', '40302024', '40302025', '40302026', '40302027', '40302028', '40302029'], 'workplaces_list': "'40302009','40302010','40302011','40302012','40302013','40302014','40302015','40302016','40302017','40302018','40302019','40302020','40302021','40302022','40302023','40302024','40302025','40302026','40302027','40302028','40302029'"}
2026-08-17 10:16:08 INFO Quantities: Collecting Machine Quantities
2026-08-17 10:16:08 INFO Quantities: Loading Machine Quantities from Forcam API
2026-08-17 10:16:08 INFO SQL [forcam_uuid_map]: SELECT DISTINCT workplace_ifa_id, workplace_forcam_uuid FROM [DWH].[dim].[forcam_hierarchy]
2026-08-17 10:16:08 INFO SQL [forcam_uuid_map]: 698 row(s) returned
2026-08-17 10:16:08 INFO API [Forcam-Token]: GET https://force:25443/ffauth/oauth2.0/accessToken?client_id=IT_TEST&client_secret=***&grant_type=client_credentials&scope=read
2026-08-17 10:16:08 INFO API [Quantities]: GET https://force:24443/ffwebservices/customized/v3/ifareports/ssp/?limit=100&formatted=true&timeZoneId=Europe/Warsaw&workplace=12ACD3C91940413EB7D9B4DEDCB412F7&workplace=E6DEB6D0405A49F8999FAED015345E99&workplace=B411223989524E809C4A94FD4790C04A&workplace=766335376CD246449E68D72CA699B349&workplace=02536054C1D94BD18B8EC6DB228F0FF5&workplace=25660671B39D4DE694CFB23123719BDC&workplace=C9791AD2B068474692D24A9FE6861A16&workplace=920371B9911747E089DDA0BA8BBB6CAC&workplace=96D9199D6F45471E8E02A7748E89DC47&workplace=4A536BC95A674FED80E261AB12DC0429&workplace=D283CF5FB972427281915314E2BE73FC&workplace=88B6A40066FA4D27B437167F9BD5A993&workplace=84E6ADFD1719451F995AA16B49CE457A&workplace=8EE688E292B94942AAAF5C79D5E2292A&workplace=D83CEB88A89D4F3D8C94C8EE1B7B6FD2&workplace=08C31AB71725448EAF3A03EB3C02894B&workplace=3808C7030BD141FCA7FF90D29990C513&workplace=B5446A24D05F4704B0A615FEE0EEA5C0&workplace=038D6A3F9EA94C3CAEF3BEBBDF1E91A0&workplace=DDF63585ED4149D4A047EB0F61A1CDDC&workplace=A886E06062CF402DA13777991EC0DA30&timeTimeType=HOUR&timeIncludeCurrent=true&timeStartDate=2026-08-12T06:00:00&timeEndDate=2026-08-12T14:00:00
2026-08-17 10:16:11 INFO API [Quantities]: response total=8
2026-08-17 10:16:11 INFO Quantities: Amount of Events: 8
2026-08-17 10:16:11 INFO Quantities: Saving Data in style: update
2026-08-17 10:16:11 INFO SQL [ssp_webapp_quantities(columns)]: SELECT COLUMN_NAME FROM INFORMATION_SCHEMA.COLUMNS WHERE TABLE_NAME = 'ssp_webapp_quantities'
2026-08-17 10:16:11 INFO SQL [ssp_webapp_quantities(columns)]: 17 row(s) returned
2026-08-17 10:16:11 INFO WRITE [ssp_webapp_quantities]: no matching row for workplace_id=40302013, inserting new one
2026-08-17 10:16:12 INFO WRITE [ssp_webapp_quantities]: no matching row for workplace_id=40302015, inserting new one
2026-08-17 10:16:12 INFO WRITE [ssp_webapp_quantities]: no matching row for workplace_id=40302018, inserting new one
2026-08-17 10:16:12 INFO WRITE [ssp_webapp_quantities]: no matching row for workplace_id=40302019, inserting new one
2026-08-17 10:16:12 INFO WRITE [ssp_webapp_quantities]: no matching row for workplace_id=40302021, inserting new one
2026-08-17 10:16:12 INFO WRITE [ssp_webapp_quantities]: no matching row for workplace_id=40302022, inserting new one
2026-08-17 10:16:12 INFO WRITE [ssp_webapp_quantities]: no matching row for workplace_id=40302023, inserting new one
2026-08-17 10:16:12 INFO WRITE [ssp_webapp_quantities]: no matching row for workplace_id=40302024, inserting new one
2026-08-17 10:16:12 INFO WRITE [ssp_webapp_quantities]: no matching row for workplace_id=40302025, inserting new one
2026-08-17 10:16:12 INFO WRITE [ssp_webapp_quantities]: no matching row for workplace_id=40302026, inserting new one
2026-08-17 10:16:12 INFO WRITE [ssp_webapp_quantities]: no matching row for workplace_id=40302027, inserting new one
2026-08-17 10:16:12 INFO WRITE [ssp_webapp_quantities]: no matching row for workplace_id=40302028, inserting new one
2026-08-17 10:16:12 INFO WRITE [ssp_webapp_quantities]: no matching row for workplace_id=40302029, inserting new one
2026-08-17 10:16:12 INFO WRITE [ssp_webapp_quantities]: no matching row for workplace_id=40302009, inserting new one
2026-08-17 10:16:12 INFO WRITE [ssp_webapp_quantities]: no matching row for workplace_id=40302010, inserting new one
2026-08-17 10:16:12 INFO WRITE [ssp_webapp_quantities]: no matching row for workplace_id=40302011, inserting new one
2026-08-17 10:16:12 INFO WRITE [ssp_webapp_quantities]: no matching row for workplace_id=40302012, inserting new one
2026-08-17 10:16:12 INFO WRITE [ssp_webapp_quantities]: no matching row for workplace_id=40302014, inserting new one
2026-08-17 10:16:12 INFO WRITE [ssp_webapp_quantities]: no matching row for workplace_id=40302016, inserting new one
2026-08-17 10:16:12 INFO WRITE [ssp_webapp_quantities]: no matching row for workplace_id=40302017, inserting new one
2026-08-17 10:16:12 INFO WRITE [ssp_webapp_quantities]: no matching row for workplace_id=40302020, inserting new one
2026-08-17 10:16:12 INFO WRITE [ssp_webapp_quantities]: updated, 21 row(s) processed
2026-08-17 10:16:12 INFO SQL [ssp_webapp_quantities(select)]: SELECT * FROM [DWH].[utility].[ssp_webapp_quantities] WHERE date_id = '2026-08-12' AND shift_id = 'early_shift' AND workplace_id IN ('40302009','40302010','40302011','40302012','40302013','40302014','40302015','40302016','40302017','40302018','40302019','40302020','40302021','40302022','40302023','40302024','40302025','40302026','40302027','40302028','40302029')
2026-08-17 10:16:12 INFO SQL [ssp_webapp_quantities(select)]: 21 row(s) returned
2026-08-17 10:16:12 INFO SQL [wpl_info]: SELECT workplace_id, process, machine_name, output_relevant, line_name FROM [DWH].[dim].[workplace] WHERE plant = 'UjaP' AND (process != 'mes-logout' OR process IS NULL) AND line_name NOT IN ('')
2026-08-17 10:16:12 INFO SQL [wpl_info]: 21 row(s) returned
2026-08-17 10:16:12 INFO Disturbance: Collecting Machine Disturbance Data
2026-08-17 10:16:12 INFO Disturbance: Loading Machine Disturbance Data from Forcam API
2026-08-17 10:16:12 INFO API [Forcam-Token]: GET https://force:25443/ffauth/oauth2.0/accessToken?client_id=IT_TEST&client_secret=***&grant_type=client_credentials&scope=read
2026-08-17 10:16:12 INFO API [Disturbance]: GET https://force:24443/ffwebservices/customized/v3/ifareports/operating_state_log/?limit=100&formatted=true&timeZoneId=Europe/Warsaw&workplace=12ACD3C91940413EB7D9B4DEDCB412F7&workplace=E6DEB6D0405A49F8999FAED015345E99&workplace=B411223989524E809C4A94FD4790C04A&workplace=766335376CD246449E68D72CA699B349&workplace=02536054C1D94BD18B8EC6DB228F0FF5&workplace=25660671B39D4DE694CFB23123719BDC&workplace=C9791AD2B068474692D24A9FE6861A16&workplace=920371B9911747E089DDA0BA8BBB6CAC&workplace=96D9199D6F45471E8E02A7748E89DC47&workplace=4A536BC95A674FED80E261AB12DC0429&workplace=D283CF5FB972427281915314E2BE73FC&workplace=88B6A40066FA4D27B437167F9BD5A993&workplace=84E6ADFD1719451F995AA16B49CE457A&workplace=8EE688E292B94942AAAF5C79D5E2292A&workplace=D83CEB88A89D4F3D8C94C8EE1B7B6FD2&workplace=08C31AB71725448EAF3A03EB3C02894B&workplace=3808C7030BD141FCA7FF90D29990C513&workplace=B5446A24D05F4704B0A615FEE0EEA5C0&workplace=038D6A3F9EA94C3CAEF3BEBBDF1E91A0&workplace=DDF63585ED4149D4A047EB0F61A1CDDC&workplace=A886E06062CF402DA13777991EC0DA30&timeType=HOUR&includeCurrent=true&startDate=2026-08-12T06:00:00&endDate=2026-08-12T14:00:00&operationOperatingStatus=8098005&operationOperatingStatus=8098004&operationOperatingStatus=8098007&operationOperatingStatus=8098006&operationOperatingStatus=8098008&operationOperatingStatus=8098023&operationOperatingStatus=179357&operationOperatingStatus=766925901&operationOperatingStatus=8098012&operationOperatingStatus=164353801&operationOperatingStatus=8098011&operationOperatingStatus=179366&operationOperatingStatus=8098013&operationOperatingStatus=8098010&operationOperatingStatus=8098015&operationOperatingStatus=8098014&operationOperatingStatus=8098016&operationOperatingStatus=8098009&operationOperatingStatus=766925902&operationOperatingStatus=164353802&operationOperatingStatus=766925904&operationOperatingStatus=766925903&operationOperatingStatus=8098018&operationOperatingStatus=8098026&operationOperatingStatus=8098019&operationOperatingStatus=8098021&operationOperatingStatus=8098020
2026-08-17 10:16:19 INFO API [Disturbance]: response total=58
2026-08-17 10:16:19 INFO Disturbance: Amount of Events: 58
2026-08-17 10:16:19 INFO SQL [operating_state_codes]: SELECT DISTINCT code, title_pl AS title, color FROM [DWH].[dim].[forcam_operating_state_codes_polska]
2026-08-17 10:16:19 INFO SQL [operating_state_codes]: 54 row(s) returned
2026-08-17 10:16:19 INFO Disturbance: Saving Data in style: update
2026-08-17 10:16:19 INFO SQL [ssp_webapp_disturbances(columns)]: SELECT COLUMN_NAME FROM INFORMATION_SCHEMA.COLUMNS WHERE TABLE_NAME = 'ssp_webapp_disturbances'
2026-08-17 10:16:19 INFO SQL [ssp_webapp_disturbances(columns)]: 15 row(s) returned
2026-08-17 10:16:19 INFO WRITE [ssp_webapp_disturbances]: no matching row for workplace_id=40302009, inserting new one
2026-08-17 10:16:19 INFO WRITE [ssp_webapp_disturbances]: no matching row for workplace_id=40302010, inserting new one
2026-08-17 10:16:19 INFO WRITE [ssp_webapp_disturbances]: updated, 2 row(s) processed
2026-08-17 10:16:19 INFO SQL [ssp_webapp_disturbances(select)]: SELECT * FROM [utility].[ssp_webapp_disturbances] WHERE date_id = '2026-08-12' AND shift_id = 'early_shift' AND workplace_id IN ('40302009','40302010','40302011','40302012','40302013','40302014','40302015','40302016','40302017','40302018','40302019','40302020','40302021','40302022','40302023','40302024','40302025','40302026','40302027','40302028','40302029')
2026-08-17 10:16:19 INFO SQL [ssp_webapp_disturbances(select)]: 2 row(s) returned
2026-08-17 10:16:19 INFO General Data: Collecting General Data
2026-08-17 10:16:19 INFO SQL [ssp_webapp_input(select)]: SELECT * FROM [DWH].[utility].[ssp_webapp_input] WHERE date_id = '2026-08-12' AND shift_id = 'early_shift' AND line_id = 'CVJ - CVJ'
2026-08-17 10:16:19 INFO SQL [ssp_webapp_input(select)]: 0 row(s) returned
2026-08-17 10:16:19 INFO General Data: No records found for the Selection
2026-08-17 10:16:19 INFO General Data: Loading employee Data
2026-08-17 10:16:19 INFO General Data: Loading Output Data
2026-08-17 10:16:19 INFO General Data: Saving General Data
2026-08-17 10:16:19 INFO WRITE [ssp_webapp_input]: no matching row, inserting new one
2026-08-17 10:16:19 INFO SQL [ssp_webapp_input(reselect)]: SELECT * FROM [DWH].[utility].[ssp_webapp_input] WHERE date_id = '2026-08-12' AND shift_id = 'early_shift' AND line_id = 'CVJ - CVJ'
2026-08-17 10:16:19 INFO SQL [ssp_webapp_input(reselect)]: 1 row(s) returned
2026-08-19 07:48:45 INFO SQL [hierarchy]: SELECT DISTINCT department, line_id + ' - ' + line_name AS line_id, subline_id + ' - ' + subline_name AS subline_id FROM [DWH].[dim].[workplace] WHERE department IS NOT NULL AND plant = 'UjaP'
2026-08-19 07:48:46 INFO SQL [hierarchy]: 1 row(s) returned
2026-08-19 07:48:46 INFO SQL [workplace_mapping]: SELECT DISTINCT workplace_id, line_id + ' - ' + line_name AS line_id, subline_id + ' - ' + subline_name AS subline_id FROM [DWH].[dim].[workplace] WHERE department IS NOT NULL AND plant = 'UjaP'
2026-08-19 07:48:46 INFO SQL [workplace_mapping]: 21 row(s) returned
2026-08-19 07:48:54 INFO ########## LOADING DATA ###################
2026-08-19 07:48:54 INFO Selection: {'date': datetime.date(2026, 8, 19), 'date_str_de': '19.08.2026', 'shift': 'Zmiana 1', 'shift_id': 'early_shift', 'department': 'OMA', 'line': 'CVJ - CVJ', 'subline': 'CVJ - CVJ', 'workplaces': ['40302009', '40302010', '40302011', '40302012', '40302013', '40302014', '40302015', '40302016', '40302017', '40302018', '40302019', '40302020', '40302021', '40302022', '40302023', '40302024', '40302025', '40302026', '40302027', '40302028', '40302029'], 'workplaces_list': "'40302009','40302010','40302011','40302012','40302013','40302014','40302015','40302016','40302017','40302018','40302019','40302020','40302021','40302022','40302023','40302024','40302025','40302026','40302027','40302028','40302029'"}
2026-08-19 07:48:54 INFO Quantities: Collecting Machine Quantities
2026-08-19 07:48:54 INFO Quantities: Loading Machine Quantities from Forcam API
2026-08-19 07:48:54 INFO SQL [forcam_uuid_map]: SELECT DISTINCT workplace_ifa_id, workplace_forcam_uuid FROM [DWH].[dim].[forcam_hierarchy]
2026-08-19 07:48:54 INFO SQL [forcam_uuid_map]: 698 row(s) returned
2026-08-19 07:48:54 INFO API [Forcam-Token]: GET https://force:25443/ffauth/oauth2.0/accessToken?client_id=IT_TEST&client_secret=***&grant_type=client_credentials&scope=read
2026-08-19 07:48:54 INFO API [Quantities]: GET https://force:24443/ffwebservices/customized/v3/ifareports/ssp/?limit=100&formatted=true&timeZoneId=Europe/Warsaw&workplace=12ACD3C91940413EB7D9B4DEDCB412F7&workplace=E6DEB6D0405A49F8999FAED015345E99&workplace=B411223989524E809C4A94FD4790C04A&workplace=766335376CD246449E68D72CA699B349&workplace=02536054C1D94BD18B8EC6DB228F0FF5&workplace=25660671B39D4DE694CFB23123719BDC&workplace=C9791AD2B068474692D24A9FE6861A16&workplace=920371B9911747E089DDA0BA8BBB6CAC&workplace=96D9199D6F45471E8E02A7748E89DC47&workplace=4A536BC95A674FED80E261AB12DC0429&workplace=D283CF5FB972427281915314E2BE73FC&workplace=88B6A40066FA4D27B437167F9BD5A993&workplace=84E6ADFD1719451F995AA16B49CE457A&workplace=8EE688E292B94942AAAF5C79D5E2292A&workplace=D83CEB88A89D4F3D8C94C8EE1B7B6FD2&workplace=08C31AB71725448EAF3A03EB3C02894B&workplace=3808C7030BD141FCA7FF90D29990C513&workplace=B5446A24D05F4704B0A615FEE0EEA5C0&workplace=038D6A3F9EA94C3CAEF3BEBBDF1E91A0&workplace=DDF63585ED4149D4A047EB0F61A1CDDC&workplace=A886E06062CF402DA13777991EC0DA30&timeTimeType=HOUR&timeIncludeCurrent=true&timeStartDate=2026-08-19T06:00:00&timeEndDate=2026-08-19T14:00:00
2026-08-19 07:49:01 INFO API [Quantities]: response total=6
2026-08-19 07:49:01 INFO Quantities: Amount of Events: 6
2026-08-19 07:49:01 INFO Quantities: Saving Data in style: update
2026-08-19 07:49:01 INFO SQL [ssp_webapp_quantities(columns)]: SELECT COLUMN_NAME FROM INFORMATION_SCHEMA.COLUMNS WHERE TABLE_NAME = 'ssp_webapp_quantities'
2026-08-19 07:49:01 INFO SQL [ssp_webapp_quantities(columns)]: 17 row(s) returned
2026-08-19 07:49:01 INFO WRITE [ssp_webapp_quantities]: no matching row for workplace_id=40302013, inserting new one
2026-08-19 07:49:01 INFO WRITE [ssp_webapp_quantities]: no matching row for workplace_id=40302014, inserting new one
2026-08-19 07:49:01 INFO WRITE [ssp_webapp_quantities]: no matching row for workplace_id=40302015, inserting new one
2026-08-19 07:49:01 INFO WRITE [ssp_webapp_quantities]: no matching row for workplace_id=40302017, inserting new one
2026-08-19 07:49:01 INFO WRITE [ssp_webapp_quantities]: no matching row for workplace_id=40302018, inserting new one
2026-08-19 07:49:01 INFO WRITE [ssp_webapp_quantities]: no matching row for workplace_id=40302019, inserting new one
2026-08-19 07:49:01 INFO WRITE [ssp_webapp_quantities]: no matching row for workplace_id=40302021, inserting new one
2026-08-19 07:49:01 INFO WRITE [ssp_webapp_quantities]: no matching row for workplace_id=40302022, inserting new one
2026-08-19 07:49:02 INFO WRITE [ssp_webapp_quantities]: no matching row for workplace_id=40302023, inserting new one
2026-08-19 07:49:02 INFO WRITE [ssp_webapp_quantities]: no matching row for workplace_id=40302024, inserting new one
2026-08-19 07:49:02 INFO WRITE [ssp_webapp_quantities]: no matching row for workplace_id=40302025, inserting new one
2026-08-19 07:49:02 INFO WRITE [ssp_webapp_quantities]: no matching row for workplace_id=40302026, inserting new one
2026-08-19 07:49:02 INFO WRITE [ssp_webapp_quantities]: no matching row for workplace_id=40302027, inserting new one
2026-08-19 07:49:02 INFO WRITE [ssp_webapp_quantities]: no matching row for workplace_id=40302028, inserting new one
2026-08-19 07:49:02 INFO WRITE [ssp_webapp_quantities]: no matching row for workplace_id=40302029, inserting new one
2026-08-19 07:49:02 INFO WRITE [ssp_webapp_quantities]: no matching row for workplace_id=40302009, inserting new one
2026-08-19 07:49:02 INFO WRITE [ssp_webapp_quantities]: no matching row for workplace_id=40302010, inserting new one
2026-08-19 07:49:02 INFO WRITE [ssp_webapp_quantities]: no matching row for workplace_id=40302011, inserting new one
2026-08-19 07:49:02 INFO WRITE [ssp_webapp_quantities]: no matching row for workplace_id=40302012, inserting new one
2026-08-19 07:49:02 INFO WRITE [ssp_webapp_quantities]: no matching row for workplace_id=40302016, inserting new one
2026-08-19 07:49:02 INFO WRITE [ssp_webapp_quantities]: no matching row for workplace_id=40302020, inserting new one
2026-08-19 07:49:02 INFO WRITE [ssp_webapp_quantities]: updated, 21 row(s) processed
2026-08-19 07:49:02 INFO SQL [ssp_webapp_quantities(select)]: SELECT * FROM [DWH].[utility].[ssp_webapp_quantities] WHERE date_id = '2026-08-19' AND shift_id = 'early_shift' AND workplace_id IN ('40302009','40302010','40302011','40302012','40302013','40302014','40302015','40302016','40302017','40302018','40302019','40302020','40302021','40302022','40302023','40302024','40302025','40302026','40302027','40302028','40302029')
2026-08-19 07:49:02 INFO SQL [ssp_webapp_quantities(select)]: 21 row(s) returned
2026-08-19 07:49:02 INFO SQL [wpl_info]: SELECT workplace_id, process, machine_name, output_relevant, line_name FROM [DWH].[dim].[workplace] WHERE plant = 'UjaP' AND (process != 'mes-logout' OR process IS NULL) AND line_name NOT IN ('')
2026-08-19 07:49:02 INFO SQL [wpl_info]: 21 row(s) returned
2026-08-19 07:49:02 INFO Disturbance: Collecting Machine Disturbance Data
2026-08-19 07:49:02 INFO Disturbance: Loading Machine Disturbance Data from Forcam API
2026-08-19 07:49:02 INFO API [Forcam-Token]: GET https://force:25443/ffauth/oauth2.0/accessToken?client_id=IT_TEST&client_secret=***&grant_type=client_credentials&scope=read
2026-08-19 07:49:02 INFO API [Disturbance]: GET https://force:24443/ffwebservices/customized/v3/ifareports/operating_state_log/?limit=100&formatted=true&timeZoneId=Europe/Warsaw&workplace=12ACD3C91940413EB7D9B4DEDCB412F7&workplace=E6DEB6D0405A49F8999FAED015345E99&workplace=B411223989524E809C4A94FD4790C04A&workplace=766335376CD246449E68D72CA699B349&workplace=02536054C1D94BD18B8EC6DB228F0FF5&workplace=25660671B39D4DE694CFB23123719BDC&workplace=C9791AD2B068474692D24A9FE6861A16&workplace=920371B9911747E089DDA0BA8BBB6CAC&workplace=96D9199D6F45471E8E02A7748E89DC47&workplace=4A536BC95A674FED80E261AB12DC0429&workplace=D283CF5FB972427281915314E2BE73FC&workplace=88B6A40066FA4D27B437167F9BD5A993&workplace=84E6ADFD1719451F995AA16B49CE457A&workplace=8EE688E292B94942AAAF5C79D5E2292A&workplace=D83CEB88A89D4F3D8C94C8EE1B7B6FD2&workplace=08C31AB71725448EAF3A03EB3C02894B&workplace=3808C7030BD141FCA7FF90D29990C513&workplace=B5446A24D05F4704B0A615FEE0EEA5C0&workplace=038D6A3F9EA94C3CAEF3BEBBDF1E91A0&workplace=DDF63585ED4149D4A047EB0F61A1CDDC&workplace=A886E06062CF402DA13777991EC0DA30&timeType=HOUR&includeCurrent=true&startDate=2026-08-19T06:00:00&endDate=2026-08-19T14:00:00&operationOperatingStatus=8098005&operationOperatingStatus=8098004&operationOperatingStatus=8098007&operationOperatingStatus=8098006&operationOperatingStatus=8098008&operationOperatingStatus=8098023&operationOperatingStatus=179357&operationOperatingStatus=766925901&operationOperatingStatus=8098012&operationOperatingStatus=164353801&operationOperatingStatus=8098011&operationOperatingStatus=179366&operationOperatingStatus=8098013&operationOperatingStatus=8098010&operationOperatingStatus=8098015&operationOperatingStatus=8098014&operationOperatingStatus=8098016&operationOperatingStatus=8098009&operationOperatingStatus=766925902&operationOperatingStatus=164353802&operationOperatingStatus=766925904&operationOperatingStatus=766925903&operationOperatingStatus=8098018&operationOperatingStatus=8098026&operationOperatingStatus=8098019&operationOperatingStatus=8098021&operationOperatingStatus=8098020
2026-08-19 07:49:08 INFO API [Disturbance]: response total=38
2026-08-19 07:49:08 INFO Disturbance: Amount of Events: 38
2026-08-19 07:49:08 INFO SQL [operating_state_codes]: SELECT DISTINCT code, title_pl AS title, color FROM [DWH].[dim].[forcam_operating_state_codes_polska]
2026-08-19 07:49:08 INFO SQL [operating_state_codes]: 54 row(s) returned
2026-08-19 07:49:08 INFO Disturbance: Saving Data in style: update
2026-08-19 07:49:08 INFO SQL [ssp_webapp_disturbances(columns)]: SELECT COLUMN_NAME FROM INFORMATION_SCHEMA.COLUMNS WHERE TABLE_NAME = 'ssp_webapp_disturbances'
2026-08-19 07:49:08 INFO SQL [ssp_webapp_disturbances(columns)]: 15 row(s) returned
2026-08-19 07:49:08 INFO WRITE [ssp_webapp_disturbances]: updated, 0 row(s) processed
2026-08-19 07:49:08 INFO SQL [ssp_webapp_disturbances(select)]: SELECT * FROM [utility].[ssp_webapp_disturbances] WHERE date_id = '2026-08-19' AND shift_id = 'early_shift' AND workplace_id IN ('40302009','40302010','40302011','40302012','40302013','40302014','40302015','40302016','40302017','40302018','40302019','40302020','40302021','40302022','40302023','40302024','40302025','40302026','40302027','40302028','40302029')
2026-08-19 07:49:08 INFO SQL [ssp_webapp_disturbances(select)]: 0 row(s) returned
2026-08-19 07:49:08 INFO General Data: Collecting General Data
2026-08-19 07:49:08 INFO SQL [ssp_webapp_input(select)]: SELECT * FROM [DWH].[utility].[ssp_webapp_input] WHERE date_id = '2026-08-19' AND shift_id = 'early_shift' AND line_id = 'CVJ - CVJ'
2026-08-19 07:49:08 INFO SQL [ssp_webapp_input(select)]: 0 row(s) returned
2026-08-19 07:49:08 INFO General Data: No records found for the Selection
2026-08-19 07:49:08 INFO General Data: Loading employee Data
2026-08-19 07:49:08 INFO General Data: Loading Output Data
2026-08-19 07:49:08 INFO General Data: Saving General Data
2026-08-19 07:49:08 INFO WRITE [ssp_webapp_input]: no matching row, inserting new one
2026-08-19 07:49:08 INFO SQL [ssp_webapp_input(reselect)]: SELECT * FROM [DWH].[utility].[ssp_webapp_input] WHERE date_id = '2026-08-19' AND shift_id = 'early_shift' AND line_id = 'CVJ - CVJ'
2026-08-19 07:49:08 INFO SQL [ssp_webapp_input(reselect)]: 1 row(s) returned
2026-08-19 07:49:37 INFO ########## LOADING DATA ###################
2026-08-19 07:49:37 INFO Selection: {'date': datetime.date(2026, 8, 18), 'date_str_de': '18.08.2026', 'shift': 'Zmiana 3', 'shift_id': 'night_shift', 'department': 'OMA', 'line': 'CVJ - CVJ', 'subline': 'CVJ - CVJ', 'workplaces': ['40302009', '40302010', '40302011', '40302012', '40302013', '40302014', '40302015', '40302016', '40302017', '40302018', '40302019', '40302020', '40302021', '40302022', '40302023', '40302024', '40302025', '40302026', '40302027', '40302028', '40302029'], 'workplaces_list': "'40302009','40302010','40302011','40302012','40302013','40302014','40302015','40302016','40302017','40302018','40302019','40302020','40302021','40302022','40302023','40302024','40302025','40302026','40302027','40302028','40302029'"}
2026-08-19 07:49:37 INFO Quantities: Collecting Machine Quantities
2026-08-19 07:49:37 INFO Quantities: Loading Machine Quantities from Forcam API
2026-08-19 07:49:37 INFO API [Forcam-Token]: GET https://force:25443/ffauth/oauth2.0/accessToken?client_id=IT_TEST&client_secret=***&grant_type=client_credentials&scope=read
2026-08-19 07:49:37 INFO API [Quantities]: GET https://force:24443/ffwebservices/customized/v3/ifareports/ssp/?limit=100&formatted=true&timeZoneId=Europe/Warsaw&workplace=12ACD3C91940413EB7D9B4DEDCB412F7&workplace=E6DEB6D0405A49F8999FAED015345E99&workplace=B411223989524E809C4A94FD4790C04A&workplace=766335376CD246449E68D72CA699B349&workplace=02536054C1D94BD18B8EC6DB228F0FF5&workplace=25660671B39D4DE694CFB23123719BDC&workplace=C9791AD2B068474692D24A9FE6861A16&workplace=920371B9911747E089DDA0BA8BBB6CAC&workplace=96D9199D6F45471E8E02A7748E89DC47&workplace=4A536BC95A674FED80E261AB12DC0429&workplace=D283CF5FB972427281915314E2BE73FC&workplace=88B6A40066FA4D27B437167F9BD5A993&workplace=84E6ADFD1719451F995AA16B49CE457A&workplace=8EE688E292B94942AAAF5C79D5E2292A&workplace=D83CEB88A89D4F3D8C94C8EE1B7B6FD2&workplace=08C31AB71725448EAF3A03EB3C02894B&workplace=3808C7030BD141FCA7FF90D29990C513&workplace=B5446A24D05F4704B0A615FEE0EEA5C0&workplace=038D6A3F9EA94C3CAEF3BEBBDF1E91A0&workplace=DDF63585ED4149D4A047EB0F61A1CDDC&workplace=A886E06062CF402DA13777991EC0DA30&timeTimeType=HOUR&timeIncludeCurrent=true&timeStartDate=2026-08-17T22:02:00&timeEndDate=2026-08-18T06:00:00
2026-08-19 07:49:43 INFO API [Quantities]: response total=6
2026-08-19 07:49:43 INFO Quantities: Amount of Events: 6
2026-08-19 07:49:43 INFO Quantities: Saving Data in style: update
2026-08-19 07:49:43 INFO SQL [ssp_webapp_quantities(columns)]: SELECT COLUMN_NAME FROM INFORMATION_SCHEMA.COLUMNS WHERE TABLE_NAME = 'ssp_webapp_quantities'
2026-08-19 07:49:43 INFO SQL [ssp_webapp_quantities(columns)]: 17 row(s) returned
2026-08-19 07:49:43 INFO WRITE [ssp_webapp_quantities]: no matching row for workplace_id=40302009, inserting new one
2026-08-19 07:49:43 INFO WRITE [ssp_webapp_quantities]: no matching row for workplace_id=40302012, inserting new one
2026-08-19 07:49:43 INFO WRITE [ssp_webapp_quantities]: no matching row for workplace_id=40302013, inserting new one
2026-08-19 07:49:43 INFO WRITE [ssp_webapp_quantities]: no matching row for workplace_id=40302017, inserting new one
2026-08-19 07:49:43 INFO WRITE [ssp_webapp_quantities]: no matching row for workplace_id=40302018, inserting new one
2026-08-19 07:49:43 INFO WRITE [ssp_webapp_quantities]: no matching row for workplace_id=40302019, inserting new one
2026-08-19 07:49:43 INFO WRITE [ssp_webapp_quantities]: no matching row for workplace_id=40302021, inserting new one
2026-08-19 07:49:43 INFO WRITE [ssp_webapp_quantities]: no matching row for workplace_id=40302022, inserting new one
2026-08-19 07:49:43 INFO WRITE [ssp_webapp_quantities]: no matching row for workplace_id=40302023, inserting new one
2026-08-19 07:49:43 INFO WRITE [ssp_webapp_quantities]: no matching row for workplace_id=40302024, inserting new one
2026-08-19 07:49:43 INFO WRITE [ssp_webapp_quantities]: no matching row for workplace_id=40302025, inserting new one
2026-08-19 07:49:43 INFO WRITE [ssp_webapp_quantities]: no matching row for workplace_id=40302026, inserting new one
2026-08-19 07:49:43 INFO WRITE [ssp_webapp_quantities]: no matching row for workplace_id=40302027, inserting new one
2026-08-19 07:49:43 INFO WRITE [ssp_webapp_quantities]: no matching row for workplace_id=40302028, inserting new one
2026-08-19 07:49:43 INFO WRITE [ssp_webapp_quantities]: no matching row for workplace_id=40302029, inserting new one
2026-08-19 07:49:43 INFO WRITE [ssp_webapp_quantities]: no matching row for workplace_id=40302010, inserting new one
2026-08-19 07:49:43 INFO WRITE [ssp_webapp_quantities]: no matching row for workplace_id=40302011, inserting new one
2026-08-19 07:49:43 INFO WRITE [ssp_webapp_quantities]: no matching row for workplace_id=40302014, inserting new one
2026-08-19 07:49:43 INFO WRITE [ssp_webapp_quantities]: no matching row for workplace_id=40302015, inserting new one
2026-08-19 07:49:43 INFO WRITE [ssp_webapp_quantities]: no matching row for workplace_id=40302016, inserting new one
2026-08-19 07:49:43 INFO WRITE [ssp_webapp_quantities]: no matching row for workplace_id=40302020, inserting new one
2026-08-19 07:49:43 INFO WRITE [ssp_webapp_quantities]: updated, 21 row(s) processed
2026-08-19 07:49:43 INFO SQL [ssp_webapp_quantities(select)]: SELECT * FROM [DWH].[utility].[ssp_webapp_quantities] WHERE date_id = '2026-08-18' AND shift_id = 'night_shift' AND workplace_id IN ('40302009','40302010','40302011','40302012','40302013','40302014','40302015','40302016','40302017','40302018','40302019','40302020','40302021','40302022','40302023','40302024','40302025','40302026','40302027','40302028','40302029')
2026-08-19 07:49:43 INFO SQL [ssp_webapp_quantities(select)]: 21 row(s) returned
2026-08-19 07:49:43 INFO Disturbance: Collecting Machine Disturbance Data
2026-08-19 07:49:43 INFO Disturbance: Loading Machine Disturbance Data from Forcam API
2026-08-19 07:49:43 INFO API [Forcam-Token]: GET https://force:25443/ffauth/oauth2.0/accessToken?client_id=IT_TEST&client_secret=***&grant_type=client_credentials&scope=read
2026-08-19 07:49:44 INFO API [Disturbance]: GET https://force:24443/ffwebservices/customized/v3/ifareports/operating_state_log/?limit=100&formatted=true&timeZoneId=Europe/Warsaw&workplace=12ACD3C91940413EB7D9B4DEDCB412F7&workplace=E6DEB6D0405A49F8999FAED015345E99&workplace=B411223989524E809C4A94FD4790C04A&workplace=766335376CD246449E68D72CA699B349&workplace=02536054C1D94BD18B8EC6DB228F0FF5&workplace=25660671B39D4DE694CFB23123719BDC&workplace=C9791AD2B068474692D24A9FE6861A16&workplace=920371B9911747E089DDA0BA8BBB6CAC&workplace=96D9199D6F45471E8E02A7748E89DC47&workplace=4A536BC95A674FED80E261AB12DC0429&workplace=D283CF5FB972427281915314E2BE73FC&workplace=88B6A40066FA4D27B437167F9BD5A993&workplace=84E6ADFD1719451F995AA16B49CE457A&workplace=8EE688E292B94942AAAF5C79D5E2292A&workplace=D83CEB88A89D4F3D8C94C8EE1B7B6FD2&workplace=08C31AB71725448EAF3A03EB3C02894B&workplace=3808C7030BD141FCA7FF90D29990C513&workplace=B5446A24D05F4704B0A615FEE0EEA5C0&workplace=038D6A3F9EA94C3CAEF3BEBBDF1E91A0&workplace=DDF63585ED4149D4A047EB0F61A1CDDC&workplace=A886E06062CF402DA13777991EC0DA30&timeType=HOUR&includeCurrent=true&startDate=2026-08-17T22:00:00&endDate=2026-08-18T06:00:00&operationOperatingStatus=8098005&operationOperatingStatus=8098004&operationOperatingStatus=8098007&operationOperatingStatus=8098006&operationOperatingStatus=8098008&operationOperatingStatus=8098023&operationOperatingStatus=179357&operationOperatingStatus=766925901&operationOperatingStatus=8098012&operationOperatingStatus=164353801&operationOperatingStatus=8098011&operationOperatingStatus=179366&operationOperatingStatus=8098013&operationOperatingStatus=8098010&operationOperatingStatus=8098015&operationOperatingStatus=8098014&operationOperatingStatus=8098016&operationOperatingStatus=8098009&operationOperatingStatus=766925902&operationOperatingStatus=164353802&operationOperatingStatus=766925904&operationOperatingStatus=766925903&operationOperatingStatus=8098018&operationOperatingStatus=8098026&operationOperatingStatus=8098019&operationOperatingStatus=8098021&operationOperatingStatus=8098020
2026-08-19 07:50:02 INFO API [Disturbance]: response total=75
2026-08-19 07:50:05 INFO Disturbance: Amount of Events: 75
2026-08-19 07:50:06 INFO Disturbance: Saving Data in style: update
2026-08-19 07:50:06 INFO SQL [ssp_webapp_disturbances(columns)]: SELECT COLUMN_NAME FROM INFORMATION_SCHEMA.COLUMNS WHERE TABLE_NAME = 'ssp_webapp_disturbances'
2026-08-19 07:50:06 INFO SQL [ssp_webapp_disturbances(columns)]: 15 row(s) returned
2026-08-19 07:50:06 INFO WRITE [ssp_webapp_disturbances]: no matching row for workplace_id=40302010, inserting new one
2026-08-19 07:50:06 INFO WRITE [ssp_webapp_disturbances]: no matching row for workplace_id=40302014, inserting new one
2026-08-19 07:50:06 INFO WRITE [ssp_webapp_disturbances]: no matching row for workplace_id=40302014, inserting new one
2026-08-19 07:50:06 INFO WRITE [ssp_webapp_disturbances]: no matching row for workplace_id=40302014, inserting new one
2026-08-19 07:50:06 INFO WRITE [ssp_webapp_disturbances]: no matching row for workplace_id=40302014, inserting new one
2026-08-19 07:50:07 INFO WRITE [ssp_webapp_disturbances]: no matching row for workplace_id=40302014, inserting new one
2026-08-19 07:50:07 INFO WRITE [ssp_webapp_disturbances]: no matching row for workplace_id=40302016, inserting new one
2026-08-19 07:50:07 INFO WRITE [ssp_webapp_disturbances]: no matching row for workplace_id=40302020, inserting new one
2026-08-19 07:50:07 INFO WRITE [ssp_webapp_disturbances]: no matching row for workplace_id=40302020, inserting new one
2026-08-19 07:50:07 INFO WRITE [ssp_webapp_disturbances]: no matching row for workplace_id=40302020, inserting new one
2026-08-19 07:50:07 INFO WRITE [ssp_webapp_disturbances]: updated, 10 row(s) processed
2026-08-19 07:50:07 INFO SQL [ssp_webapp_disturbances(select)]: SELECT * FROM [utility].[ssp_webapp_disturbances] WHERE date_id = '2026-08-18' AND shift_id = 'night_shift' AND workplace_id IN ('40302009','40302010','40302011','40302012','40302013','40302014','40302015','40302016','40302017','40302018','40302019','40302020','40302021','40302022','40302023','40302024','40302025','40302026','40302027','40302028','40302029')
2026-08-19 07:50:07 INFO SQL [ssp_webapp_disturbances(select)]: 10 row(s) returned
2026-08-19 07:50:07 INFO General Data: Collecting General Data
2026-08-19 07:50:07 INFO SQL [ssp_webapp_input(select)]: SELECT * FROM [DWH].[utility].[ssp_webapp_input] WHERE date_id = '2026-08-18' AND shift_id = 'night_shift' AND line_id = 'CVJ - CVJ'
2026-08-19 07:50:07 INFO SQL [ssp_webapp_input(select)]: 0 row(s) returned
2026-08-19 07:50:07 INFO General Data: No records found for the Selection
2026-08-19 07:50:07 INFO General Data: Loading employee Data
2026-08-19 07:50:07 INFO General Data: Loading Output Data
2026-08-19 07:50:07 INFO General Data: Saving General Data
2026-08-19 07:50:07 INFO WRITE [ssp_webapp_input]: no matching row, inserting new one
2026-08-19 07:50:07 INFO SQL [ssp_webapp_input(reselect)]: SELECT * FROM [DWH].[utility].[ssp_webapp_input] WHERE date_id = '2026-08-18' AND shift_id = 'night_shift' AND line_id = 'CVJ - CVJ'
2026-08-19 07:50:07 INFO SQL [ssp_webapp_input(reselect)]: 1 row(s) returned
2026-08-19 07:53:50 INFO ########## LOADING DATA ###################
2026-08-19 07:53:50 INFO Selection: {'date': datetime.date(2026, 8, 19), 'date_str_de': '19.08.2026', 'shift': 'Morning shift', 'shift_id': 'early_shift', 'department': 'OMA', 'line': 'CVJ - CVJ', 'subline': 'CVJ - CVJ', 'workplaces': ['40302009', '40302010', '40302011', '40302012', '40302013', '40302014', '40302015', '40302016', '40302017', '40302018', '40302019', '40302020', '40302021', '40302022', '40302023', '40302024', '40302025', '40302026', '40302027', '40302028', '40302029'], 'workplaces_list': "'40302009','40302010','40302011','40302012','40302013','40302014','40302015','40302016','40302017','40302018','40302019','40302020','40302021','40302022','40302023','40302024','40302025','40302026','40302027','40302028','40302029'"}
2026-08-19 07:53:50 INFO Quantities: Collecting Machine Quantities
2026-08-19 07:53:50 INFO Quantities: Loading Machine Quantities from Forcam API
2026-08-19 07:53:50 INFO API [Forcam-Token]: GET https://force:25443/ffauth/oauth2.0/accessToken?client_id=IT_TEST&client_secret=***&grant_type=client_credentials&scope=read
2026-08-19 07:53:50 INFO API [Quantities]: GET https://force:24443/ffwebservices/customized/v3/ifareports/ssp/?limit=100&formatted=true&timeZoneId=Europe/Warsaw&workplace=12ACD3C91940413EB7D9B4DEDCB412F7&workplace=E6DEB6D0405A49F8999FAED015345E99&workplace=B411223989524E809C4A94FD4790C04A&workplace=766335376CD246449E68D72CA699B349&workplace=02536054C1D94BD18B8EC6DB228F0FF5&workplace=25660671B39D4DE694CFB23123719BDC&workplace=C9791AD2B068474692D24A9FE6861A16&workplace=920371B9911747E089DDA0BA8BBB6CAC&workplace=96D9199D6F45471E8E02A7748E89DC47&workplace=4A536BC95A674FED80E261AB12DC0429&workplace=D283CF5FB972427281915314E2BE73FC&workplace=88B6A40066FA4D27B437167F9BD5A993&workplace=84E6ADFD1719451F995AA16B49CE457A&workplace=8EE688E292B94942AAAF5C79D5E2292A&workplace=D83CEB88A89D4F3D8C94C8EE1B7B6FD2&workplace=08C31AB71725448EAF3A03EB3C02894B&workplace=3808C7030BD141FCA7FF90D29990C513&workplace=B5446A24D05F4704B0A615FEE0EEA5C0&workplace=038D6A3F9EA94C3CAEF3BEBBDF1E91A0&workplace=DDF63585ED4149D4A047EB0F61A1CDDC&workplace=A886E06062CF402DA13777991EC0DA30&timeTimeType=HOUR&timeIncludeCurrent=true&timeStartDate=2026-08-19T06:00:00&timeEndDate=2026-08-19T14:00:00
2026-08-19 07:53:56 INFO API [Quantities]: response total=6
